File.accession	File.format	Output.type	Experiment.accession	Assay	Biosample.term.id	Biosample.term.name	Biosample.type	Biosample.organism	Biosample.treatments	Biosample.treatments.amount	Biosample.treatments.duration	Experiment.target	Antibody.accession	Library.made.from	Library.depleted.in	Library.extraction.method	Library.lysis.method	Library.crosslinking.method	Library.strand.specific	Experiment.date.released	Project	RBNS.protein.concentration	Library.fragmentation.method	Library.size.range	Biological.replicate.s.	Technical.replicate	Read.length	Mapped.read.length	Run.type	Paired.end	Paired.with	Derived.from	Size	Lab	md5sum	dbxrefs	File.download.URL	Assembly	Platform	Controlled.by	File.Status	Audit.WARNING	Audit.INTERNAL_ACTION	Audit.NOT_COMPLIANT	Audit.ERROR
ENCFF866OCE	bed narrowPeak	peaks	ENCSR499IFY	DNase-seq	UBERON:0001987	placenta	tissue	Homo sapiens	NA	NA	NA	NA	NA	DNA	NA		NA	NA	False	2016-05-09	ENCODE	NA	NA	NA	2	NA	NA	NA		NA		ENCFF808OXB, ENCFF967OQF	2275081	ENCODE Processing Pipeline	2d03ed51da3fbcf001edf22066630a9e		https://www.encodeproject.org/files/ENCFF866OCE/@@download/ENCFF866OCE.bed.gz	GRCh38		NA	released	low spot score			NA
ENCFF051VXY	bed narrowPeak	peaks	ENCSR499IFY	DNase-seq	UBERON:0001987	placenta	tissue	Homo sapiens	NA	NA	NA	NA	NA	DNA	NA		NA	NA	False	2016-05-09	ENCODE	NA	NA	NA	1	NA	NA	NA		NA		ENCFF740AHB, ENCFF967OQF	2084695	ENCODE Processing Pipeline	32b354d308003a28a61af3bdf20dd375		https://www.encodeproject.org/files/ENCFF051VXY/@@download/ENCFF051VXY.bed.gz	GRCh38		NA	released	low spot score			NA
ENCFF667BSO	bed narrowPeak	peaks	ENCSR499IFY	DNase-seq	UBERON:0001987	placenta	tissue	Homo sapiens	NA	NA	NA	NA	NA	DNA	NA		NA	NA	False	2016-05-09	ENCODE	NA	NA	NA	1	NA	NA	NA		NA		ENCFF984LEX, ENCFF992CZQ	2243743	ENCODE Processing Pipeline	99c6bc01e4b46ef147a1f04ac151e9ad		https://www.encodeproject.org/files/ENCFF667BSO/@@download/ENCFF667BSO.bed.gz	GRCh38		NA	archived	low spot score			NA
ENCFF389QWJ	bed narrowPeak	peaks	ENCSR499IFY	DNase-seq	UBERON:0001987	placenta	tissue	Homo sapiens	NA	NA	NA	NA	NA	DNA	NA		NA	NA	False	2016-05-09	ENCODE	NA	NA	NA	1	NA	NA	NA		NA		ENCFF740AHB, ENCFF967OQF	2087713	ENCODE Processing Pipeline	8549ddf40ca7cfd7e263235b6708500f		https://www.encodeproject.org/files/ENCFF389QWJ/@@download/ENCFF389QWJ.bed.gz	GRCh38		NA	archived	low spot score			NA
ENCFF765ADK	bed narrowPeak	peaks	ENCSR499IFY	DNase-seq	UBERON:0001987	placenta	tissue	Homo sapiens	NA	NA	NA	NA	NA	DNA	NA		NA	NA	False	2016-05-09	ENCODE	NA	NA	NA	2	NA	NA	NA		NA		ENCFF808OXB, ENCFF967OQF	2281582	ENCODE Processing Pipeline	06477b10eb742dfcbef7225291b5a94e		https://www.encodeproject.org/files/ENCFF765ADK/@@download/ENCFF765ADK.bed.gz	GRCh38		NA	archived	low spot score			NA
ENCFF316XWU	bed narrowPeak	peaks	ENCSR035QHH	DNase-seq	UBERON:0001987	placenta	tissue	Homo sapiens	NA	NA	NA	NA	NA	DNA	NA	see document	NA	NA	False	2013-07-31	Roadmap	NA	NA	NA	1	NA	NA	NA		NA		ENCFF844PHT, ENCFF967OQF	3783384	ENCODE Processing Pipeline	c0af4aae6942ace1fcf2f91908ade6a4		https://www.encodeproject.org/files/ENCFF316XWU/@@download/ENCFF316XWU.bed.gz	GRCh38		NA	released		sequencing runs labeled as technical replicates		NA
ENCFF067JJG	bed narrowPeak	peaks	ENCSR035QHH	DNase-seq	UBERON:0001987	placenta	tissue	Homo sapiens	NA	NA	NA	NA	NA	DNA	NA	see document	NA	NA	False	2013-07-31	Roadmap	NA	NA	NA	1	NA	NA	NA		NA		ENCFF844PHT, ENCFF967OQF	3794982	ENCODE Processing Pipeline	f8ae4c2fe54a5d9108b36ec230b9a647		https://www.encodeproject.org/files/ENCFF067JJG/@@download/ENCFF067JJG.bed.gz	GRCh38		NA	archived		sequencing runs labeled as technical replicates		NA
ENCFF709TMH	bed narrowPeak	peaks	ENCSR129TSG	DNase-seq	UBERON:0001987	placenta	tissue	Homo sapiens	NA	NA	NA	NA	NA	DNA	NA	see document	NA	NA	False	2013-07-31	Roadmap	NA	NA	NA	1	NA	NA	NA		NA		ENCFF918VEK, ENCFF967OQF	1570678	ENCODE Processing Pipeline	ea98e14ce126913d32540a252ce717a1		https://www.encodeproject.org/files/ENCFF709TMH/@@download/ENCFF709TMH.bed.gz	GRCh38		NA	released	low spot score			NA
ENCFF249GZW	bed narrowPeak	peaks	ENCSR129TSG	DNase-seq	UBERON:0001987	placenta	tissue	Homo sapiens	NA	NA	NA	NA	NA	DNA	NA	see document	NA	NA	False	2013-07-31	Roadmap	NA	NA	NA	1	NA	NA	NA		NA		ENCFF497HWI, ENCFF992CZQ	1536039	ENCODE Processing Pipeline	ad5358857ea4c5f35b1287c86f8f9a3c		https://www.encodeproject.org/files/ENCFF249GZW/@@download/ENCFF249GZW.bed.gz	GRCh38		NA	archived	low spot score			NA
ENCFF085SZC	bed narrowPeak	peaks	ENCSR129TSG	DNase-seq	UBERON:0001987	placenta	tissue	Homo sapiens	NA	NA	NA	NA	NA	DNA	NA	see document	NA	NA	False	2013-07-31	Roadmap	NA	NA	NA	1	NA	NA	NA		NA		ENCFF918VEK, ENCFF967OQF	1573646	ENCODE Processing Pipeline	d30193ac90fc8154f13292b729f2d93b		https://www.encodeproject.org/files/ENCFF085SZC/@@download/ENCFF085SZC.bed.gz	GRCh38		NA	archived	low spot score			NA
ENCFF444VNW	bed narrowPeak	peaks	ENCSR989YIV	DNase-seq	UBERON:0001987	placenta	tissue	Homo sapiens	NA	NA	NA	NA	NA	DNA	NA	see document	NA	NA	False	2013-07-31	Roadmap	NA	NA	NA	1	NA	NA	NA		NA		ENCFF967OQF, ENCFF980XRG	845471	ENCODE Processing Pipeline	a38faa8bce73617c796b6067689b8cbc		https://www.encodeproject.org/files/ENCFF444VNW/@@download/ENCFF444VNW.bed.gz	GRCh38		NA	released	low read depth			NA
ENCFF808FRN	bed narrowPeak	peaks	ENCSR989YIV	DNase-seq	UBERON:0001987	placenta	tissue	Homo sapiens	NA	NA	NA	NA	NA	DNA	NA	see document	NA	NA	False	2013-07-31	Roadmap	NA	NA	NA	1	NA	NA	NA		NA		ENCFF762BTX, ENCFF992CZQ	825453	ENCODE Processing Pipeline	339ce1767e98dffde724252ae4b10aa0		https://www.encodeproject.org/files/ENCFF808FRN/@@download/ENCFF808FRN.bed.gz	GRCh38		NA	archived	low read depth			NA
ENCFF174VRM	bed narrowPeak	peaks	ENCSR989YIV	DNase-seq	UBERON:0001987	placenta	tissue	Homo sapiens	NA	NA	NA	NA	NA	DNA	NA	see document	NA	NA	False	2013-07-31	Roadmap	NA	NA	NA	1	NA	NA	NA		NA		ENCFF967OQF, ENCFF980XRG	847289	ENCODE Processing Pipeline	d50d315a18f4c3b373b0fc57e19aa627		https://www.encodeproject.org/files/ENCFF174VRM/@@download/ENCFF174VRM.bed.gz	GRCh38		NA	archived	low read depth			NA
ENCFF083YCN	bed narrowPeak	peaks	ENCSR552XJI	DNase-seq	UBERON:0001987	placenta	tissue	Homo sapiens	NA	NA	NA	NA	NA	DNA	NA		NA	NA	False	2017-12-13	ENCODE	NA	NA	NA	2	NA	NA	NA		NA		ENCFF162VGL, ENCFF967OQF	2326185	ENCODE Processing Pipeline	55b10f5b0992ed3c38ba7dd6063bdd98		https://www.encodeproject.org/files/ENCFF083YCN/@@download/ENCFF083YCN.bed.gz	GRCh38		NA	released		experiment not submitted to GEO		NA
ENCFF226AOZ	bed narrowPeak	peaks	ENCSR552XJI	DNase-seq	UBERON:0001987	placenta	tissue	Homo sapiens	NA	NA	NA	NA	NA	DNA	NA		NA	NA	False	2017-12-13	ENCODE	NA	NA	NA	1	NA	NA	NA		NA		ENCFF521MKT, ENCFF967OQF	1939003	ENCODE Processing Pipeline	508a9ea4556d7076d65368ab9802a648		https://www.encodeproject.org/files/ENCFF226AOZ/@@download/ENCFF226AOZ.bed.gz	GRCh38		NA	released		experiment not submitted to GEO		NA
ENCFF677BGN	bed narrowPeak	peaks	ENCSR552XJI	DNase-seq	UBERON:0001987	placenta	tissue	Homo sapiens	NA	NA	NA	NA	NA	DNA	NA		NA	NA	False	2017-12-13	ENCODE	NA	NA	NA	1	NA	NA	NA		NA		ENCFF521MKT, ENCFF967OQF	1945949	ENCODE Processing Pipeline	61ea09a7a4b527cd0989b9f3bd689f12		https://www.encodeproject.org/files/ENCFF677BGN/@@download/ENCFF677BGN.bed.gz	GRCh38		NA	archived		experiment not submitted to GEO		NA
ENCFF685YFE	bed narrowPeak	peaks	ENCSR552XJI	DNase-seq	UBERON:0001987	placenta	tissue	Homo sapiens	NA	NA	NA	NA	NA	DNA	NA		NA	NA	False	2017-12-13	ENCODE	NA	NA	NA	2	NA	NA	NA		NA		ENCFF162VGL, ENCFF967OQF	2335167	ENCODE Processing Pipeline	3b3861f932dfa8175cfadb9bb644e550		https://www.encodeproject.org/files/ENCFF685YFE/@@download/ENCFF685YFE.bed.gz	GRCh38		NA	archived		experiment not submitted to GEO		NA
ENCFF849KDW	bed narrowPeak	peaks	ENCSR575VMI	DNase-seq	UBERON:0001987	placenta	tissue	Homo sapiens	NA	NA	NA	NA	NA	DNA	NA		NA	NA	False	2016-05-09	ENCODE	NA	NA	NA	1	NA	NA	NA		NA		ENCFF915YHI, ENCFF967OQF	2037988	ENCODE Processing Pipeline	4ef0cdd178243a43a7adc59c7557ab7a		https://www.encodeproject.org/files/ENCFF849KDW/@@download/ENCFF849KDW.bed.gz	GRCh38		NA	released	low spot score			NA
ENCFF609BOM	bed narrowPeak	peaks	ENCSR575VMI	DNase-seq	UBERON:0001987	placenta	tissue	Homo sapiens	NA	NA	NA	NA	NA	DNA	NA		NA	NA	False	2016-05-09	ENCODE	NA	NA	NA	2	NA	NA	NA		NA		ENCFF451MCK, ENCFF967OQF	1750118	ENCODE Processing Pipeline	af3d4eb26d4e50ac98ec3d897e9223a2		https://www.encodeproject.org/files/ENCFF609BOM/@@download/ENCFF609BOM.bed.gz	GRCh38		NA	released	low spot score			NA
ENCFF203HVV	bed narrowPeak	peaks	ENCSR575VMI	DNase-seq	UBERON:0001987	placenta	tissue	Homo sapiens	NA	NA	NA	NA	NA	DNA	NA		NA	NA	False	2016-05-09	ENCODE	NA	NA	NA	1	NA	NA	NA		NA		ENCFF788VUN, ENCFF992CZQ	2092107	ENCODE Processing Pipeline	b9b9eb46a2c3716a82c5b5bb70e500c4		https://www.encodeproject.org/files/ENCFF203HVV/@@download/ENCFF203HVV.bed.gz	GRCh38		NA	archived	low spot score			NA
ENCFF919NRH	bed narrowPeak	peaks	ENCSR575VMI	DNase-seq	UBERON:0001987	placenta	tissue	Homo sapiens	NA	NA	NA	NA	NA	DNA	NA		NA	NA	False	2016-05-09	ENCODE	NA	NA	NA	2	NA	NA	NA		NA		ENCFF660TUB, ENCFF992CZQ	1676756	ENCODE Processing Pipeline	ff39f328818c1e4029367ed12022212c		https://www.encodeproject.org/files/ENCFF919NRH/@@download/ENCFF919NRH.bed.gz	GRCh38		NA	archived	low spot score			NA
ENCFF721LXU	bed narrowPeak	peaks	ENCSR575VMI	DNase-seq	UBERON:0001987	placenta	tissue	Homo sapiens	NA	NA	NA	NA	NA	DNA	NA		NA	NA	False	2016-05-09	ENCODE	NA	NA	NA	2	NA	NA	NA		NA		ENCFF451MCK, ENCFF967OQF	1753834	ENCODE Processing Pipeline	71e3e7c80d9334a6dcc11e27a3bc959f		https://www.encodeproject.org/files/ENCFF721LXU/@@download/ENCFF721LXU.bed.gz	GRCh38		NA	archived	low spot score			NA
ENCFF727SUT	bed narrowPeak	peaks	ENCSR575VMI	DNase-seq	UBERON:0001987	placenta	tissue	Homo sapiens	NA	NA	NA	NA	NA	DNA	NA		NA	NA	False	2016-05-09	ENCODE	NA	NA	NA	1	NA	NA	NA		NA		ENCFF915YHI, ENCFF967OQF	2041351	ENCODE Processing Pipeline	399dbad893df159a2dfdc185a37510fe		https://www.encodeproject.org/files/ENCFF727SUT/@@download/ENCFF727SUT.bed.gz	GRCh38		NA	archived	low spot score			NA
ENCFF336YFC	bed narrowPeak	peaks	ENCSR552RKI	DNase-seq	UBERON:0001987	placenta	tissue	Homo sapiens	NA	NA	NA	NA	NA	DNA	NA		NA	NA	False	2017-12-13	ENCODE	NA	NA	NA	1	NA	NA	NA		NA		ENCFF447MLK, ENCFF967OQF	1802694	ENCODE Processing Pipeline	8a076aac12f4b8a00e4bc1c277b6bdb2		https://www.encodeproject.org/files/ENCFF336YFC/@@download/ENCFF336YFC.bed.gz	GRCh38		NA	released	low spot score	experiment not submitted to GEO	unreplicated experiment	NA
ENCFF612BRI	bed narrowPeak	peaks	ENCSR552RKI	DNase-seq	UBERON:0001987	placenta	tissue	Homo sapiens	NA	NA	NA	NA	NA	DNA	NA		NA	NA	False	2017-12-13	ENCODE	NA	NA	NA	1	NA	NA	NA		NA		ENCFF447MLK, ENCFF967OQF	1810289	ENCODE Processing Pipeline	47110e5fac9964f052b066b1a92317f6		https://www.encodeproject.org/files/ENCFF612BRI/@@download/ENCFF612BRI.bed.gz	GRCh38		NA	archived	low spot score	experiment not submitted to GEO	unreplicated experiment	NA
ENCFF003GCY	bed narrowPeak	peaks	ENCSR545KQR	DNase-seq	UBERON:0001987	placenta	tissue	Homo sapiens	NA	NA	NA	NA	NA	DNA	NA	see document	NA	NA	False	2013-07-31	Roadmap	NA	NA	NA	1	NA	NA	NA		NA		ENCFF093JOU, ENCFF967OQF	1630319	ENCODE Processing Pipeline	8e176b3aa03a0dea4f0a8fbb9d1d0193		https://www.encodeproject.org/files/ENCFF003GCY/@@download/ENCFF003GCY.bed.gz	GRCh38		NA	released	low read depth			NA
ENCFF232BIG	bed narrowPeak	peaks	ENCSR545KQR	DNase-seq	UBERON:0001987	placenta	tissue	Homo sapiens	NA	NA	NA	NA	NA	DNA	NA	see document	NA	NA	False	2013-07-31	Roadmap	NA	NA	NA	1	NA	NA	NA		NA		ENCFF912PZZ, ENCFF992CZQ	1617011	ENCODE Processing Pipeline	0433a58f45b61d9d2c3f78466798b473		https://www.encodeproject.org/files/ENCFF232BIG/@@download/ENCFF232BIG.bed.gz	GRCh38		NA	archived	low read depth			NA
ENCFF779CFZ	bed narrowPeak	peaks	ENCSR545KQR	DNase-seq	UBERON:0001987	placenta	tissue	Homo sapiens	NA	NA	NA	NA	NA	DNA	NA	see document	NA	NA	False	2013-07-31	Roadmap	NA	NA	NA	1	NA	NA	NA		NA		ENCFF093JOU, ENCFF967OQF	1632823	ENCODE Processing Pipeline	a2faf8db502cb6d46ce739acdda9a892		https://www.encodeproject.org/files/ENCFF779CFZ/@@download/ENCFF779CFZ.bed.gz	GRCh38		NA	archived	low read depth			NA
ENCFF499CXR	bed narrowPeak	peaks	ENCSR167OVP	DNase-seq	UBERON:0001987	placenta	tissue	Homo sapiens	NA	NA	NA	NA	NA	DNA	NA		NA	NA	False	2017-12-13	ENCODE	NA	NA	NA	2	NA	NA	NA		NA		ENCFF301CIE, ENCFF967OQF	2778055	ENCODE Processing Pipeline	d98ac656d0370e22f94f8f765ce50dac		https://www.encodeproject.org/files/ENCFF499CXR/@@download/ENCFF499CXR.bed.gz	GRCh38		NA	released		experiment not submitted to GEO		NA
ENCFF466BFI	bed narrowPeak	peaks	ENCSR167OVP	DNase-seq	UBERON:0001987	placenta	tissue	Homo sapiens	NA	NA	NA	NA	NA	DNA	NA		NA	NA	False	2017-12-13	ENCODE	NA	NA	NA	1	NA	NA	NA		NA		ENCFF830VDG, ENCFF967OQF	1783745	ENCODE Processing Pipeline	958c91c1a0cf9bb6f6fe93c3a7b8532e		https://www.encodeproject.org/files/ENCFF466BFI/@@download/ENCFF466BFI.bed.gz	GRCh38		NA	released		experiment not submitted to GEO		NA
ENCFF983AVE	bed narrowPeak	peaks	ENCSR167OVP	DNase-seq	UBERON:0001987	placenta	tissue	Homo sapiens	NA	NA	NA	NA	NA	DNA	NA		NA	NA	False	2017-12-13	ENCODE	NA	NA	NA	1	NA	NA	NA		NA		ENCFF830VDG, ENCFF967OQF	1790096	ENCODE Processing Pipeline	a6c1a313efd422d6a0645906b60828d9		https://www.encodeproject.org/files/ENCFF983AVE/@@download/ENCFF983AVE.bed.gz	GRCh38		NA	archived		experiment not submitted to GEO		NA
ENCFF639EJH	bed narrowPeak	peaks	ENCSR167OVP	DNase-seq	UBERON:0001987	placenta	tissue	Homo sapiens	NA	NA	NA	NA	NA	DNA	NA		NA	NA	False	2017-12-13	ENCODE	NA	NA	NA	2	NA	NA	NA		NA		ENCFF301CIE, ENCFF967OQF	2785178	ENCODE Processing Pipeline	4a5985f7e8dedbb8630d5a32c2c2253b		https://www.encodeproject.org/files/ENCFF639EJH/@@download/ENCFF639EJH.bed.gz	GRCh38		NA	archived		experiment not submitted to GEO		NA
ENCFF134ZDK	bed narrowPeak	peaks	ENCSR648RAX	DNase-seq	UBERON:0001987	placenta	tissue	Homo sapiens	NA	NA	NA	NA	NA	DNA	NA	see document	NA	NA	False	2013-07-31	Roadmap	NA	NA	NA	1	NA	NA	NA		NA		ENCFF117UCU, ENCFF967OQF	1296973	ENCODE Processing Pipeline	98217669f40b60a4e38cb02d5270db0b		https://www.encodeproject.org/files/ENCFF134ZDK/@@download/ENCFF134ZDK.bed.gz	GRCh38		NA	released	low read depth			NA
ENCFF682LFV	bed narrowPeak	peaks	ENCSR648RAX	DNase-seq	UBERON:0001987	placenta	tissue	Homo sapiens	NA	NA	NA	NA	NA	DNA	NA	see document	NA	NA	False	2013-07-31	Roadmap	NA	NA	NA	1	NA	NA	NA		NA		ENCFF791OBJ, ENCFF992CZQ	1281316	ENCODE Processing Pipeline	5829f1f5ff1e9b6b1c1cf94790c691a2		https://www.encodeproject.org/files/ENCFF682LFV/@@download/ENCFF682LFV.bed.gz	GRCh38		NA	archived	low read depth			NA
ENCFF025BJB	bed narrowPeak	peaks	ENCSR648RAX	DNase-seq	UBERON:0001987	placenta	tissue	Homo sapiens	NA	NA	NA	NA	NA	DNA	NA	see document	NA	NA	False	2013-07-31	Roadmap	NA	NA	NA	1	NA	NA	NA		NA		ENCFF117UCU, ENCFF967OQF	1299193	ENCODE Processing Pipeline	590afb469a5643dda4efd8c1c72ede5d		https://www.encodeproject.org/files/ENCFF025BJB/@@download/ENCFF025BJB.bed.gz	GRCh38		NA	archived	low read depth			NA
ENCFF214NKM	bed narrowPeak	peaks	ENCSR802AJE	DNase-seq	UBERON:0001987	placenta	tissue	Homo sapiens	NA	NA	NA	NA	NA	DNA	NA	see document	NA	NA	False	2013-07-31	Roadmap	NA	NA	NA	1	NA	NA	NA		NA		ENCFF676ZVU, ENCFF967OQF	977057	ENCODE Processing Pipeline	584e500f12aaa74efed5cfaeab580915		https://www.encodeproject.org/files/ENCFF214NKM/@@download/ENCFF214NKM.bed.gz	GRCh38		NA	released	low read depth, low spot score			NA
ENCFF683CID	bed narrowPeak	peaks	ENCSR802AJE	DNase-seq	UBERON:0001987	placenta	tissue	Homo sapiens	NA	NA	NA	NA	NA	DNA	NA	see document	NA	NA	False	2013-07-31	Roadmap	NA	NA	NA	1	NA	NA	NA		NA		ENCFF950JJW, ENCFF992CZQ	943153	ENCODE Processing Pipeline	dca360d4e94aec450e88f41bb7faa012		https://www.encodeproject.org/files/ENCFF683CID/@@download/ENCFF683CID.bed.gz	GRCh38		NA	archived	low read depth, low spot score			NA
ENCFF589FTC	bed narrowPeak	peaks	ENCSR802AJE	DNase-seq	UBERON:0001987	placenta	tissue	Homo sapiens	NA	NA	NA	NA	NA	DNA	NA	see document	NA	NA	False	2013-07-31	Roadmap	NA	NA	NA	1	NA	NA	NA		NA		ENCFF676ZVU, ENCFF967OQF	979180	ENCODE Processing Pipeline	c65e8c7e85119c2c631a3507b1d3388d		https://www.encodeproject.org/files/ENCFF589FTC/@@download/ENCFF589FTC.bed.gz	GRCh38		NA	archived	low read depth, low spot score			NA
File.accession	File.format	Output.type	Experiment.accession	Assay	Biosample.term.id	Biosample.term.name	Biosample.type	Biosample.organism	Biosample.treatments	Biosample.treatments.amount	Biosample.treatments.duration	Experiment.target	Antibody.accession	Library.made.from	Library.depleted.in	Library.extraction.method	Library.lysis.method	Library.crosslinking.method	Library.strand.specific	Experiment.date.released	Project	RBNS.protein.concentration	Library.fragmentation.method	Library.size.range	Biological.replicate.s.	Technical.replicate	Read.length	Mapped.read.length	Run.type	Paired.end	Paired.with	Derived.from	Size	Lab	md5sum	dbxrefs	File.download.URL	Assembly	Platform	Controlled.by	File.Status	Audit.WARNING	Audit.INTERNAL_ACTION	Audit.NOT_COMPLIANT	Audit.ERROR
ENCFF468NND	bed narrowPeak	peaks	ENCSR158YXM	DNase-seq	UBERON:0002107	liver	tissue	Homo sapiens	NA	NA	NA	NA	NA	DNA	NA		NA	NA	FALSE	01/11/17	ENCODE	NA	NA	NA	1	NA	NA	NA		NA		ENCFF193FUQ, ENCFF967OQF	336698	ENCODE Processing Pipeline	80e931e3b091319ae56e7db8436e329a		https://www.encodeproject.org/files/ENCFF468NND/@@download/ENCFF468NND.bed.gz	GRCh38		NA	released	low spot score	experiment not submitted to GEO		extremely low spot score
ENCFF512TSJ	bed narrowPeak	peaks	ENCSR158YXM	DNase-seq	UBERON:0002107	liver	tissue	Homo sapiens	NA	NA	NA	NA	NA	DNA	NA		NA	NA	FALSE	01/11/17	ENCODE	NA	NA	NA	2	NA	NA	NA		NA		ENCFF898SYA, ENCFF967OQF	1400847	ENCODE Processing Pipeline	2f7756aa0a1a2529a6966375b7b4a0b5		https://www.encodeproject.org/files/ENCFF512TSJ/@@download/ENCFF512TSJ.bed.gz	GRCh38		NA	released	low spot score	experiment not submitted to GEO		extremely low spot score
ENCFF293ZIH	bed narrowPeak	peaks	ENCSR158YXM	DNase-seq	UBERON:0002107	liver	tissue	Homo sapiens	NA	NA	NA	NA	NA	DNA	NA		NA	NA	FALSE	01/11/17	ENCODE	NA	NA	NA	1	NA	NA	NA		NA		ENCFF193FUQ, ENCFF967OQF	342214	ENCODE Processing Pipeline	0daf34df3a252ef617338eb24831f5b3		https://www.encodeproject.org/files/ENCFF293ZIH/@@download/ENCFF293ZIH.bed.gz	GRCh38		NA	archived	low spot score	experiment not submitted to GEO		extremely low spot score
ENCFF068XKO	bed narrowPeak	peaks	ENCSR158YXM	DNase-seq	UBERON:0002107	liver	tissue	Homo sapiens	NA	NA	NA	NA	NA	DNA	NA		NA	NA	FALSE	01/11/17	ENCODE	NA	NA	NA	2	NA	NA	NA		NA		ENCFF898SYA, ENCFF967OQF	1409193	ENCODE Processing Pipeline	856dff51d424f3e0ca809703d578c8b6		https://www.encodeproject.org/files/ENCFF068XKO/@@download/ENCFF068XKO.bed.gz	GRCh38		NA	archived	low spot score	experiment not submitted to GEO		extremely low spot score
ENCFF081JVT	bed narrowPeak	peaks	ENCSR562FNN	DNase-seq	UBERON:0002107	liver	tissue	Homo sapiens	NA	NA	NA	NA	NA	DNA	NA		NA	NA	FALSE	13/12/17	ENCODE	NA	NA	NA	2	NA	NA	NA		NA		ENCFF815OAG, ENCFF967OQF	1184922	ENCODE Processing Pipeline	96182093d5ce0aad66a3647a480f7faf		https://www.encodeproject.org/files/ENCFF081JVT/@@download/ENCFF081JVT.bed.gz	GRCh38		NA	released	low spot score	experiment not submitted to GEO		
ENCFF173YTQ	bed narrowPeak	peaks	ENCSR562FNN	DNase-seq	UBERON:0002107	liver	tissue	Homo sapiens	NA	NA	NA	NA	NA	DNA	NA		NA	NA	FALSE	13/12/17	ENCODE	NA	NA	NA	1	NA	NA	NA		NA		ENCFF191SRN, ENCFF967OQF	2401393	ENCODE Processing Pipeline	43f79a810ad1c510302a58484fe134c6		https://www.encodeproject.org/files/ENCFF173YTQ/@@download/ENCFF173YTQ.bed.gz	GRCh38		NA	released	low spot score	experiment not submitted to GEO		
ENCFF039XCN	bed narrowPeak	peaks	ENCSR562FNN	DNase-seq	UBERON:0002107	liver	tissue	Homo sapiens	NA	NA	NA	NA	NA	DNA	NA		NA	NA	FALSE	13/12/17	ENCODE	NA	NA	NA	2	NA	NA	NA		NA		ENCFF815OAG, ENCFF967OQF	1191378	ENCODE Processing Pipeline	d8126ed9e12c1e869f8e90cb06add778		https://www.encodeproject.org/files/ENCFF039XCN/@@download/ENCFF039XCN.bed.gz	GRCh38		NA	archived	low spot score	experiment not submitted to GEO		
ENCFF589IQE	bed narrowPeak	peaks	ENCSR562FNN	DNase-seq	UBERON:0002107	liver	tissue	Homo sapiens	NA	NA	NA	NA	NA	DNA	NA		NA	NA	FALSE	13/12/17	ENCODE	NA	NA	NA	1	NA	NA	NA		NA		ENCFF191SRN, ENCFF967OQF	2411170	ENCODE Processing Pipeline	998b807ed6ee7b89154661de7b830201		https://www.encodeproject.org/files/ENCFF589IQE/@@download/ENCFF589IQE.bed.gz	GRCh38		NA	archived	low spot score	experiment not submitted to GEO		
ENCFF811RTH	bed narrowPeak	peaks	ENCSR627NIF	DNase-seq	UBERON:0002048	lung	tissue	Homo sapiens	NA	NA	NA	NA	NA	DNA	NA		NA	NA	FALSE	31/08/15	ENCODE	NA	NA	NA	1	NA	NA	NA		NA		ENCFF515DYE, ENCFF967OQF	2209057	ENCODE Processing Pipeline	1e2c734f52ad43c3fad65190a8f6a881		https://www.encodeproject.org/files/ENCFF811RTH/@@download/ENCFF811RTH.bed.gz	GRCh38		NA	released	low spot score	sequencing runs labeled as technical replicates, experiment not submitted to GEO		
ENCFF395KUT	bed narrowPeak	peaks	ENCSR627NIF	DNase-seq	UBERON:0002048	lung	tissue	Homo sapiens	NA	NA	NA	NA	NA	DNA	NA		NA	NA	FALSE	31/08/15	ENCODE	NA	NA	NA	2	NA	NA	NA		NA		ENCFF710GMU, ENCFF967OQF	1689846	ENCODE Processing Pipeline	53ab82ae87d9876704f7cc88ea129725		https://www.encodeproject.org/files/ENCFF395KUT/@@download/ENCFF395KUT.bed.gz	GRCh38		NA	released	low spot score	sequencing runs labeled as technical replicates, experiment not submitted to GEO		
ENCFF148PHO	bed narrowPeak	peaks	ENCSR582IPV	DNase-seq	UBERON:0002048	lung	tissue	Homo sapiens	NA	NA	NA	NA	NA	DNA	NA		NA	NA	FALSE	22/09/16	ENCODE	NA	NA	NA	2	NA	NA	NA		NA		ENCFF595DTJ, ENCFF967OQF	3372760	ENCODE Processing Pipeline	aab0a33c13e9cfe90fdf48c9628309e7		https://www.encodeproject.org/files/ENCFF148PHO/@@download/ENCFF148PHO.bed.gz	GRCh38		NA	released		sequencing runs labeled as technical replicates		
ENCFF115HTH	bed narrowPeak	peaks	ENCSR582IPV	DNase-seq	UBERON:0002048	lung	tissue	Homo sapiens	NA	NA	NA	NA	NA	DNA	NA		NA	NA	FALSE	22/09/16	ENCODE	NA	NA	NA	1	NA	NA	NA		NA		ENCFF591XQT, ENCFF967OQF	1650303	ENCODE Processing Pipeline	869ab17c8be11674cb3dbb92145c416a		https://www.encodeproject.org/files/ENCFF115HTH/@@download/ENCFF115HTH.bed.gz	GRCh38		NA	released		sequencing runs labeled as technical replicates		
ENCFF675ZGP	bed narrowPeak	peaks	ENCSR582IPV	DNase-seq	UBERON:0002048	lung	tissue	Homo sapiens	NA	NA	NA	NA	NA	DNA	NA		NA	NA	FALSE	22/09/16	ENCODE	NA	NA	NA	2	NA	NA	NA		NA		ENCFF160QZQ, ENCFF992CZQ	3182373	ENCODE Processing Pipeline	a6a45f9eebf97eac43133211aee87991		https://www.encodeproject.org/files/ENCFF675ZGP/@@download/ENCFF675ZGP.bed.gz	GRCh38		NA	archived		sequencing runs labeled as technical replicates		
ENCFF378WSR	bed narrowPeak	peaks	ENCSR582IPV	DNase-seq	UBERON:0002048	lung	tissue	Homo sapiens	NA	NA	NA	NA	NA	DNA	NA		NA	NA	FALSE	22/09/16	ENCODE	NA	NA	NA	1	NA	NA	NA		NA		ENCFF140TKD, ENCFF992CZQ	1630883	ENCODE Processing Pipeline	4b5cd1a9850e6271f677dc75d8816b7f		https://www.encodeproject.org/files/ENCFF378WSR/@@download/ENCFF378WSR.bed.gz	GRCh38		NA	archived		sequencing runs labeled as technical replicates		
ENCFF341RBP	bed narrowPeak	peaks	ENCSR582IPV	DNase-seq	UBERON:0002048	lung	tissue	Homo sapiens	NA	NA	NA	NA	NA	DNA	NA		NA	NA	FALSE	22/09/16	ENCODE	NA	NA	NA	2	NA	NA	NA		NA		ENCFF595DTJ, ENCFF967OQF	3375291	ENCODE Processing Pipeline	1262a53128ac0e7dfa1b1f552b0b9673		https://www.encodeproject.org/files/ENCFF341RBP/@@download/ENCFF341RBP.bed.gz	GRCh38		NA	archived		sequencing runs labeled as technical replicates		
ENCFF948PWG	bed narrowPeak	peaks	ENCSR582IPV	DNase-seq	UBERON:0002048	lung	tissue	Homo sapiens	NA	NA	NA	NA	NA	DNA	NA		NA	NA	FALSE	22/09/16	ENCODE	NA	NA	NA	1	NA	NA	NA		NA		ENCFF591XQT, ENCFF967OQF	1651709	ENCODE Processing Pipeline	203f34650a3cacbb1c39f3383503cf22		https://www.encodeproject.org/files/ENCFF948PWG/@@download/ENCFF948PWG.bed.gz	GRCh38		NA	archived		sequencing runs labeled as technical replicates		
ENCFF913NRZ	bed narrowPeak	peaks	ENCSR482HQE	DNase-seq	UBERON:0002048	lung	tissue	Homo sapiens	NA	NA	NA	NA	NA	DNA	NA	see document	NA	NA	FALSE	31/07/13	Roadmap	NA	NA	NA	1	NA	NA	NA		NA		ENCFF581AVY, ENCFF967OQF	1316052	ENCODE Processing Pipeline	aa53091cde68286fe23c06ab04a858e2		https://www.encodeproject.org/files/ENCFF913NRZ/@@download/ENCFF913NRZ.bed.gz	GRCh38		NA	released	low read depth			
ENCFF474QSW	bed narrowPeak	peaks	ENCSR482HQE	DNase-seq	UBERON:0002048	lung	tissue	Homo sapiens	NA	NA	NA	NA	NA	DNA	NA	see document	NA	NA	FALSE	31/07/13	Roadmap	NA	NA	NA	1	NA	NA	NA		NA		ENCFF277GIU, ENCFF992CZQ	1252224	ENCODE Processing Pipeline	82a866a49db7ce69c3dc05dbe0ad769d		https://www.encodeproject.org/files/ENCFF474QSW/@@download/ENCFF474QSW.bed.gz	GRCh38		NA	archived	low read depth			
ENCFF490EXW	bed narrowPeak	peaks	ENCSR482HQE	DNase-seq	UBERON:0002048	lung	tissue	Homo sapiens	NA	NA	NA	NA	NA	DNA	NA	see document	NA	NA	FALSE	31/07/13	Roadmap	NA	NA	NA	1	NA	NA	NA		NA		ENCFF581AVY, ENCFF967OQF	1317522	ENCODE Processing Pipeline	fae4df4e40c2111fe6ad88e653dd62b0		https://www.encodeproject.org/files/ENCFF490EXW/@@download/ENCFF490EXW.bed.gz	GRCh38		NA	archived	low read depth			
ENCFF992VNB	bed narrowPeak	peaks	ENCSR076YBB	DNase-seq	UBERON:0002048	lung	tissue	Homo sapiens	NA	NA	NA	NA	NA	DNA	NA	see document	NA	NA	FALSE	31/07/13	Roadmap	NA	NA	NA	1	NA	NA	NA		NA		ENCFF776CQU, ENCFF967OQF	674639	ENCODE Processing Pipeline	28d552a9c55cc490c4d83acfc5481311		https://www.encodeproject.org/files/ENCFF992VNB/@@download/ENCFF992VNB.bed.gz	GRCh38		NA	released	low read depth			
ENCFF290EPY	bed narrowPeak	peaks	ENCSR076YBB	DNase-seq	UBERON:0002048	lung	tissue	Homo sapiens	NA	NA	NA	NA	NA	DNA	NA	see document	NA	NA	FALSE	31/07/13	Roadmap	NA	NA	NA	1	NA	NA	NA		NA		ENCFF906DQD, ENCFF992CZQ	635932	ENCODE Processing Pipeline	db4d76789a15d375deee068a5811284e		https://www.encodeproject.org/files/ENCFF290EPY/@@download/ENCFF290EPY.bed.gz	GRCh38		NA	archived	low read depth			
ENCFF216SYK	bed narrowPeak	peaks	ENCSR076YBB	DNase-seq	UBERON:0002048	lung	tissue	Homo sapiens	NA	NA	NA	NA	NA	DNA	NA	see document	NA	NA	FALSE	31/07/13	Roadmap	NA	NA	NA	1	NA	NA	NA		NA		ENCFF776CQU, ENCFF967OQF	675398	ENCODE Processing Pipeline	8cccd7cc831a5e7c48ef47b2de88644e		https://www.encodeproject.org/files/ENCFF216SYK/@@download/ENCFF216SYK.bed.gz	GRCh38		NA	archived	low read depth			
ENCFF679QGU	bed narrowPeak	peaks	ENCSR141VGA	DNase-seq	UBERON:0002048	lung	tissue	Homo sapiens	NA	NA	NA	NA	NA	DNA	NA	see document	NA	NA	FALSE	31/07/13	Roadmap	NA	NA	NA	1	NA	NA	NA		NA		ENCFF282HMY, ENCFF967OQF	4133437	ENCODE Processing Pipeline	feaaa449f1851733618db2f4ad3ccc88		https://www.encodeproject.org/files/ENCFF679QGU/@@download/ENCFF679QGU.bed.gz	GRCh38		NA	released				
ENCFF291MQR	bed narrowPeak	peaks	ENCSR141VGA	DNase-seq	UBERON:0002048	lung	tissue	Homo sapiens	NA	NA	NA	NA	NA	DNA	NA	see document	NA	NA	FALSE	31/07/13	Roadmap	NA	NA	NA	1	NA	NA	NA		NA		ENCFF943GMN, ENCFF992CZQ	3930516	ENCODE Processing Pipeline	33b1ff99f54e94fe61739865eedfff25		https://www.encodeproject.org/files/ENCFF291MQR/@@download/ENCFF291MQR.bed.gz	GRCh38		NA	archived				
ENCFF227WZR	bed narrowPeak	peaks	ENCSR141VGA	DNase-seq	UBERON:0002048	lung	tissue	Homo sapiens	NA	NA	NA	NA	NA	DNA	NA	see document	NA	NA	FALSE	31/07/13	Roadmap	NA	NA	NA	1	NA	NA	NA		NA		ENCFF282HMY, ENCFF967OQF	4135772	ENCODE Processing Pipeline	48bd471426f117b60114cf1168d4e2db		https://www.encodeproject.org/files/ENCFF227WZR/@@download/ENCFF227WZR.bed.gz	GRCh38		NA	archived				
ENCFF348CJE	bed narrowPeak	peaks	ENCSR006IJP	DNase-seq	UBERON:0002048	lung	tissue	Homo sapiens	NA	NA	NA	NA	NA	DNA	NA	see document	NA	NA	FALSE	31/07/13	Roadmap	NA	NA	NA	1	NA	NA	NA		NA		ENCFF733DPB, ENCFF967OQF	1018129	ENCODE Processing Pipeline	2f890b17d3631186c72ce067ac662a3a		https://www.encodeproject.org/files/ENCFF348CJE/@@download/ENCFF348CJE.bed.gz	GRCh38		NA	released	low read depth			
ENCFF617DDH	bed narrowPeak	peaks	ENCSR006IJP	DNase-seq	UBERON:0002048	lung	tissue	Homo sapiens	NA	NA	NA	NA	NA	DNA	NA	see document	NA	NA	FALSE	31/07/13	Roadmap	NA	NA	NA	1	NA	NA	NA		NA		ENCFF805PJS, ENCFF992CZQ	965878	ENCODE Processing Pipeline	d61b94a941c3b35ff19d0ad00d87a0c2		https://www.encodeproject.org/files/ENCFF617DDH/@@download/ENCFF617DDH.bed.gz	GRCh38		NA	archived	low read depth			
ENCFF680GPQ	bed narrowPeak	peaks	ENCSR006IJP	DNase-seq	UBERON:0002048	lung	tissue	Homo sapiens	NA	NA	NA	NA	NA	DNA	NA	see document	NA	NA	FALSE	31/07/13	Roadmap	NA	NA	NA	1	NA	NA	NA		NA		ENCFF733DPB, ENCFF967OQF	1019484	ENCODE Processing Pipeline	d9535c3a184e645ee711bb07ae1a58c0		https://www.encodeproject.org/files/ENCFF680GPQ/@@download/ENCFF680GPQ.bed.gz	GRCh38		NA	archived	low read depth			
ENCFF962JWU	bed narrowPeak	peaks	ENCSR318WOD	DNase-seq	UBERON:0002048	lung	tissue	Homo sapiens	NA	NA	NA	NA	NA	DNA	NA	see document	NA	NA	FALSE	31/07/13	Roadmap	NA	NA	NA	1	NA	NA	NA		NA		ENCFF072MYZ, ENCFF967OQF	1073408	ENCODE Processing Pipeline	c23c16445246e5d6497522ca9747147a		https://www.encodeproject.org/files/ENCFF962JWU/@@download/ENCFF962JWU.bed.gz	GRCh38		NA	released	low read depth			
ENCFF782KJY	bed narrowPeak	peaks	ENCSR318WOD	DNase-seq	UBERON:0002048	lung	tissue	Homo sapiens	NA	NA	NA	NA	NA	DNA	NA	see document	NA	NA	FALSE	31/07/13	Roadmap	NA	NA	NA	1	NA	NA	NA		NA		ENCFF706IPY, ENCFF992CZQ	1026279	ENCODE Processing Pipeline	cf6a3b4b6151f7db3dce5dd5d260474b		https://www.encodeproject.org/files/ENCFF782KJY/@@download/ENCFF782KJY.bed.gz	GRCh38		NA	archived	low read depth			
ENCFF914SZL	bed narrowPeak	peaks	ENCSR318WOD	DNase-seq	UBERON:0002048	lung	tissue	Homo sapiens	NA	NA	NA	NA	NA	DNA	NA	see document	NA	NA	FALSE	31/07/13	Roadmap	NA	NA	NA	1	NA	NA	NA		NA		ENCFF072MYZ, ENCFF967OQF	1074909	ENCODE Processing Pipeline	f4cab2fa291799cafcc7ffc6417030e8		https://www.encodeproject.org/files/ENCFF914SZL/@@download/ENCFF914SZL.bed.gz	GRCh38		NA	archived	low read depth			
ENCFF889NTH	bed narrowPeak	peaks	ENCSR847RSJ	DNase-seq	UBERON:0002048	lung	tissue	Homo sapiens	NA	NA	NA	NA	NA	DNA	NA	see document	NA	NA	FALSE	31/07/13	Roadmap	NA	NA	NA	1	NA	NA	NA		NA		ENCFF370VHQ, ENCFF967OQF	1255509	ENCODE Processing Pipeline	e3687542365056c74cfb46e2dba2f16e		https://www.encodeproject.org/files/ENCFF889NTH/@@download/ENCFF889NTH.bed.gz	GRCh38		NA	released	low read depth			
ENCFF329GDP	bed narrowPeak	peaks	ENCSR847RSJ	DNase-seq	UBERON:0002048	lung	tissue	Homo sapiens	NA	NA	NA	NA	NA	DNA	NA	see document	NA	NA	FALSE	31/07/13	Roadmap	NA	NA	NA	1	NA	NA	NA		NA		ENCFF560TKJ, ENCFF992CZQ	1191944	ENCODE Processing Pipeline	1f722059c546db12bfd9b1d84e044c04		https://www.encodeproject.org/files/ENCFF329GDP/@@download/ENCFF329GDP.bed.gz	GRCh38		NA	archived	low read depth			
ENCFF861KWC	bed narrowPeak	peaks	ENCSR847RSJ	DNase-seq	UBERON:0002048	lung	tissue	Homo sapiens	NA	NA	NA	NA	NA	DNA	NA	see document	NA	NA	FALSE	31/07/13	Roadmap	NA	NA	NA	1	NA	NA	NA		NA		ENCFF370VHQ, ENCFF967OQF	1257250	ENCODE Processing Pipeline	971f5b2a350e1642938202a894692dac		https://www.encodeproject.org/files/ENCFF861KWC/@@download/ENCFF861KWC.bed.gz	GRCh38		NA	archived	low read depth			
ENCFF024SOP	bed narrowPeak	peaks	ENCSR587HPR	DNase-seq	UBERON:0002048	lung	tissue	Homo sapiens	NA	NA	NA	NA	NA	DNA	NA	see document	NA	NA	FALSE	31/07/13	Roadmap	NA	NA	NA	1	NA	NA	NA		NA		ENCFF039CCW, ENCFF967OQF	911951	ENCODE Processing Pipeline	dbe2bb0ef2a65b69db931ca77d45d6fa		https://www.encodeproject.org/files/ENCFF024SOP/@@download/ENCFF024SOP.bed.gz	GRCh38		NA	released	low spot score, low read depth			
ENCFF645FNZ	bed narrowPeak	peaks	ENCSR587HPR	DNase-seq	UBERON:0002048	lung	tissue	Homo sapiens	NA	NA	NA	NA	NA	DNA	NA	see document	NA	NA	FALSE	31/07/13	Roadmap	NA	NA	NA	1	NA	NA	NA		NA		ENCFF249CYL, ENCFF992CZQ	872655	ENCODE Processing Pipeline	3b6dbb4054c2da390b135c69c494a80f		https://www.encodeproject.org/files/ENCFF645FNZ/@@download/ENCFF645FNZ.bed.gz	GRCh38		NA	archived	low spot score, low read depth			
ENCFF172GSX	bed narrowPeak	peaks	ENCSR587HPR	DNase-seq	UBERON:0002048	lung	tissue	Homo sapiens	NA	NA	NA	NA	NA	DNA	NA	see document	NA	NA	FALSE	31/07/13	Roadmap	NA	NA	NA	1	NA	NA	NA		NA		ENCFF039CCW, ENCFF967OQF	913224	ENCODE Processing Pipeline	6ba75ae58a344bd156ccbad68028ef98		https://www.encodeproject.org/files/ENCFF172GSX/@@download/ENCFF172GSX.bed.gz	GRCh38		NA	archived	low spot score, low read depth			
ENCFF363XQF	bed narrowPeak	peaks	ENCSR504KZE	DNase-seq	UBERON:0002048	lung	tissue	Homo sapiens	NA	NA	NA	NA	NA	DNA	NA	see document	NA	NA	FALSE	31/07/13	Roadmap	NA	NA	NA	1	NA	NA	NA		NA		ENCFF103JUC, ENCFF967OQF	713290	ENCODE Processing Pipeline	050aca49cf58f31b39c241ba254fedab		https://www.encodeproject.org/files/ENCFF363XQF/@@download/ENCFF363XQF.bed.gz	GRCh38		NA	released	low read depth			
ENCFF370OYQ	bed narrowPeak	peaks	ENCSR504KZE	DNase-seq	UBERON:0002048	lung	tissue	Homo sapiens	NA	NA	NA	NA	NA	DNA	NA	see document	NA	NA	FALSE	31/07/13	Roadmap	NA	NA	NA	1	NA	NA	NA		NA		ENCFF069COA, ENCFF992CZQ	673950	ENCODE Processing Pipeline	f0094e83d180f8755b2cecdb94027a31		https://www.encodeproject.org/files/ENCFF370OYQ/@@download/ENCFF370OYQ.bed.gz	GRCh38		NA	archived	low read depth			
ENCFF833SIZ	bed narrowPeak	peaks	ENCSR504KZE	DNase-seq	UBERON:0002048	lung	tissue	Homo sapiens	NA	NA	NA	NA	NA	DNA	NA	see document	NA	NA	FALSE	31/07/13	Roadmap	NA	NA	NA	1	NA	NA	NA		NA		ENCFF103JUC, ENCFF967OQF	714111	ENCODE Processing Pipeline	76b511096625c61912271164fec44392		https://www.encodeproject.org/files/ENCFF833SIZ/@@download/ENCFF833SIZ.bed.gz	GRCh38		NA	archived	low read depth			
ENCFF909JGU	bed narrowPeak	peaks	ENCSR214XJO	DNase-seq	UBERON:0002048	lung	tissue	Homo sapiens	NA	NA	NA	NA	NA	DNA	NA	see document	NA	NA	FALSE	31/07/13	Roadmap	NA	NA	NA	1	NA	NA	NA		NA		ENCFF276MYG, ENCFF967OQF	978617	ENCODE Processing Pipeline	251860b20866dd116cc9ed19f3cf6307		https://www.encodeproject.org/files/ENCFF909JGU/@@download/ENCFF909JGU.bed.gz	GRCh38		NA	released	low read depth			
ENCFF819NTW	bed narrowPeak	peaks	ENCSR214XJO	DNase-seq	UBERON:0002048	lung	tissue	Homo sapiens	NA	NA	NA	NA	NA	DNA	NA	see document	NA	NA	FALSE	31/07/13	Roadmap	NA	NA	NA	1	NA	NA	NA		NA		ENCFF408YYO, ENCFF992CZQ	930158	ENCODE Processing Pipeline	a2e075cd1bf7adc1b07f5e493f89d4ce		https://www.encodeproject.org/files/ENCFF819NTW/@@download/ENCFF819NTW.bed.gz	GRCh38		NA	archived	low read depth			
ENCFF843QJV	bed narrowPeak	peaks	ENCSR214XJO	DNase-seq	UBERON:0002048	lung	tissue	Homo sapiens	NA	NA	NA	NA	NA	DNA	NA	see document	NA	NA	FALSE	31/07/13	Roadmap	NA	NA	NA	1	NA	NA	NA		NA		ENCFF276MYG, ENCFF967OQF	979538	ENCODE Processing Pipeline	d0a3d58c5d55e26e66a9281a6a2ed1af		https://www.encodeproject.org/files/ENCFF843QJV/@@download/ENCFF843QJV.bed.gz	GRCh38		NA	archived	low read depth			
ENCFF978OUM	bed narrowPeak	peaks	ENCSR986XLW	DNase-seq	UBERON:0002048	lung	tissue	Homo sapiens	NA	NA	NA	NA	NA	DNA	NA	see document	NA	NA	FALSE	31/07/13	Roadmap	NA	NA	NA	1	NA	NA	NA		NA		ENCFF260YGW, ENCFF967OQF	1290056	ENCODE Processing Pipeline	a91e6ae13907134417351e30567a84a8		https://www.encodeproject.org/files/ENCFF978OUM/@@download/ENCFF978OUM.bed.gz	GRCh38		NA	released	low read depth			
ENCFF438GJD	bed narrowPeak	peaks	ENCSR986XLW	DNase-seq	UBERON:0002048	lung	tissue	Homo sapiens	NA	NA	NA	NA	NA	DNA	NA	see document	NA	NA	FALSE	31/07/13	Roadmap	NA	NA	NA	1	NA	NA	NA		NA		ENCFF454PRZ, ENCFF992CZQ	1226559	ENCODE Processing Pipeline	51dab363a7d2cc28a9f32981a0747256		https://www.encodeproject.org/files/ENCFF438GJD/@@download/ENCFF438GJD.bed.gz	GRCh38		NA	archived	low read depth			
ENCFF205UIO	bed narrowPeak	peaks	ENCSR986XLW	DNase-seq	UBERON:0002048	lung	tissue	Homo sapiens	NA	NA	NA	NA	NA	DNA	NA	see document	NA	NA	FALSE	31/07/13	Roadmap	NA	NA	NA	1	NA	NA	NA		NA		ENCFF260YGW, ENCFF967OQF	1290790	ENCODE Processing Pipeline	047bf01180e1ab2b6097c16b000094c7		https://www.encodeproject.org/files/ENCFF205UIO/@@download/ENCFF205UIO.bed.gz	GRCh38		NA	archived	low read depth			
ENCFF422YFH	bed narrowPeak	peaks	ENCSR141IUS	DNase-seq	UBERON:0002048	lung	tissue	Homo sapiens	NA	NA	NA	NA	NA	DNA	NA		NA	NA	FALSE	13/12/17	ENCODE	NA	NA	NA	1	NA	NA	NA		NA		ENCFF779YSP, ENCFF967OQF	2233083	ENCODE Processing Pipeline	e09c6f30a0fa76cac5f5abb54cca6a5b		https://www.encodeproject.org/files/ENCFF422YFH/@@download/ENCFF422YFH.bed.gz	GRCh38		NA	released		experiment not submitted to GEO	unreplicated experiment	
ENCFF084GLJ	bed narrowPeak	peaks	ENCSR141IUS	DNase-seq	UBERON:0002048	lung	tissue	Homo sapiens	NA	NA	NA	NA	NA	DNA	NA		NA	NA	FALSE	13/12/17	ENCODE	NA	NA	NA	1	NA	NA	NA		NA		ENCFF779YSP, ENCFF967OQF	2237952	ENCODE Processing Pipeline	324362f5711a4bc251573db9be8b5fce		https://www.encodeproject.org/files/ENCFF084GLJ/@@download/ENCFF084GLJ.bed.gz	GRCh38		NA	archived		experiment not submitted to GEO	unreplicated experiment	
ENCFF932ATD	bed narrowPeak	peaks	ENCSR437KLY	DNase-seq	UBERON:0002113	kidney	tissue	Homo sapiens	NA	NA	NA	NA	NA	DNA	NA	see document	NA	NA	FALSE	31/07/13	Roadmap	NA	NA	NA	1	NA	NA	NA		NA		ENCFF892PLU, ENCFF967OQF	658461	ENCODE Processing Pipeline	5e94722695a94e8076d64d55f0efaf0f		https://www.encodeproject.org/files/ENCFF932ATD/@@download/ENCFF932ATD.bed.gz	GRCh38		NA	released	low spot score, low read depth			
ENCFF880ORV	bed narrowPeak	peaks	ENCSR437KLY	DNase-seq	UBERON:0002113	kidney	tissue	Homo sapiens	NA	NA	NA	NA	NA	DNA	NA	see document	NA	NA	FALSE	31/07/13	Roadmap	NA	NA	NA	1	NA	NA	NA		NA		ENCFF076ABH, ENCFF992CZQ	617691	ENCODE Processing Pipeline	63d9d7c834415eb9df282da7c49267fa		https://www.encodeproject.org/files/ENCFF880ORV/@@download/ENCFF880ORV.bed.gz	GRCh38		NA	archived	low spot score, low read depth			
ENCFF967WVU	bed narrowPeak	peaks	ENCSR437KLY	DNase-seq	UBERON:0002113	kidney	tissue	Homo sapiens	NA	NA	NA	NA	NA	DNA	NA	see document	NA	NA	FALSE	31/07/13	Roadmap	NA	NA	NA	1	NA	NA	NA		NA		ENCFF892PLU, ENCFF967OQF	659718	ENCODE Processing Pipeline	619f1b0ae7869641581c5da934aeecf5		https://www.encodeproject.org/files/ENCFF967WVU/@@download/ENCFF967WVU.bed.gz	GRCh38		NA	archived	low spot score, low read depth			
ENCFF812GJU	bed narrowPeak	peaks	ENCSR774RCO	DNase-seq	UBERON:0002113	kidney	tissue	Homo sapiens	NA	NA	NA	NA	NA	DNA	NA	see document	NA	NA	FALSE	31/07/13	Roadmap	NA	NA	NA	1	NA	NA	NA		NA		ENCFF238GSX, ENCFF967OQF	3937777	ENCODE Processing Pipeline	ead7bda85a87cfef1a63708b425d2d36		https://www.encodeproject.org/files/ENCFF812GJU/@@download/ENCFF812GJU.bed.gz	GRCh38		NA	released		sequencing runs labeled as technical replicates		
ENCFF132JBP	bed narrowPeak	peaks	ENCSR774RCO	DNase-seq	UBERON:0002113	kidney	tissue	Homo sapiens	NA	NA	NA	NA	NA	DNA	NA	see document	NA	NA	FALSE	31/07/13	Roadmap	NA	NA	NA	1	NA	NA	NA		NA		ENCFF238GSX, ENCFF967OQF	3941295	ENCODE Processing Pipeline	75c96c85fbf128d45bce5db4ca545d6f		https://www.encodeproject.org/files/ENCFF132JBP/@@download/ENCFF132JBP.bed.gz	GRCh38		NA	archived		sequencing runs labeled as technical replicates		
ENCFF058VTF	bed narrowPeak	peaks	ENCSR979BPU	DNase-seq	UBERON:0002113	kidney	tissue	Homo sapiens	NA	NA	NA	NA	NA	DNA	NA	see document	NA	NA	FALSE	31/07/13	Roadmap	NA	NA	NA	1	NA	NA	NA		NA		ENCFF459HUC, ENCFF967OQF	1155724	ENCODE Processing Pipeline	8be968b0203b1921e8d14cd2e381c014		https://www.encodeproject.org/files/ENCFF058VTF/@@download/ENCFF058VTF.bed.gz	GRCh38		NA	released	low read depth			
ENCFF197KHQ	bed narrowPeak	peaks	ENCSR979BPU	DNase-seq	UBERON:0002113	kidney	tissue	Homo sapiens	NA	NA	NA	NA	NA	DNA	NA	see document	NA	NA	FALSE	31/07/13	Roadmap	NA	NA	NA	1	NA	NA	NA		NA		ENCFF573HZY, ENCFF992CZQ	1092181	ENCODE Processing Pipeline	8f1d259caaa4d349380a4314201c36cb		https://www.encodeproject.org/files/ENCFF197KHQ/@@download/ENCFF197KHQ.bed.gz	GRCh38		NA	archived	low read depth			
ENCFF391WYC	bed narrowPeak	peaks	ENCSR979BPU	DNase-seq	UBERON:0002113	kidney	tissue	Homo sapiens	NA	NA	NA	NA	NA	DNA	NA	see document	NA	NA	FALSE	31/07/13	Roadmap	NA	NA	NA	1	NA	NA	NA		NA		ENCFF459HUC, ENCFF967OQF	1156761	ENCODE Processing Pipeline	b6560db03d8e3a7fd423f14e6f57dc54		https://www.encodeproject.org/files/ENCFF391WYC/@@download/ENCFF391WYC.bed.gz	GRCh38		NA	archived	low read depth			
ENCFF578BEO	bed narrowPeak	peaks	ENCSR066WZJ	DNase-seq	UBERON:0002113	kidney	tissue	Homo sapiens	NA	NA	NA	NA	NA	DNA	NA		NA	NA	FALSE	09/05/16	ENCODE	NA	NA	NA	1	NA	NA	NA		NA		ENCFF003YHO, ENCFF967OQF	3036947	ENCODE Processing Pipeline	3a4c743e4f25d66aaeae141c1083c4c6		https://www.encodeproject.org/files/ENCFF578BEO/@@download/ENCFF578BEO.bed.gz	GRCh38		NA	released			unreplicated experiment	
ENCFF132MDE	bed narrowPeak	peaks	ENCSR066WZJ	DNase-seq	UBERON:0002113	kidney	tissue	Homo sapiens	NA	NA	NA	NA	NA	DNA	NA		NA	NA	FALSE	09/05/16	ENCODE	NA	NA	NA	1	NA	NA	NA		NA		ENCFF851ZFY, ENCFF992CZQ	2748621	ENCODE Processing Pipeline	c8d7353d12f1d3c26d49a8e1b97e7dda		https://www.encodeproject.org/files/ENCFF132MDE/@@download/ENCFF132MDE.bed.gz	GRCh38		NA	archived			unreplicated experiment	
ENCFF040GTO	bed narrowPeak	peaks	ENCSR066WZJ	DNase-seq	UBERON:0002113	kidney	tissue	Homo sapiens	NA	NA	NA	NA	NA	DNA	NA		NA	NA	FALSE	09/05/16	ENCODE	NA	NA	NA	1	NA	NA	NA		NA		ENCFF003YHO, ENCFF967OQF	3038540	ENCODE Processing Pipeline	e6abbd0463e3d68f4f607b4ffe6071b3		https://www.encodeproject.org/files/ENCFF040GTO/@@download/ENCFF040GTO.bed.gz	GRCh38		NA	archived			unreplicated experiment	
ENCFF916NTG	bed narrowPeak	peaks	ENCSR499PZA	DNase-seq	UBERON:0002113	kidney	tissue	Homo sapiens	NA	NA	NA	NA	NA	DNA	NA	see document	NA	NA	FALSE	31/07/13	Roadmap	NA	NA	NA	1	NA	NA	NA		NA		ENCFF114DWM, ENCFF967OQF	606943	ENCODE Processing Pipeline	0abc1bb3a423bff5f641df8acbe79ded		https://www.encodeproject.org/files/ENCFF916NTG/@@download/ENCFF916NTG.bed.gz	GRCh38		NA	released	low read depth			
ENCFF936OHE	bed narrowPeak	peaks	ENCSR499PZA	DNase-seq	UBERON:0002113	kidney	tissue	Homo sapiens	NA	NA	NA	NA	NA	DNA	NA	see document	NA	NA	FALSE	31/07/13	Roadmap	NA	NA	NA	1	NA	NA	NA		NA		ENCFF287DJY, ENCFF992CZQ	544748	ENCODE Processing Pipeline	71236b541da44789b7790edea98dd7ad		https://www.encodeproject.org/files/ENCFF936OHE/@@download/ENCFF936OHE.bed.gz	GRCh38		NA	archived	low read depth			
ENCFF597TKH	bed narrowPeak	peaks	ENCSR499PZA	DNase-seq	UBERON:0002113	kidney	tissue	Homo sapiens	NA	NA	NA	NA	NA	DNA	NA	see document	NA	NA	FALSE	31/07/13	Roadmap	NA	NA	NA	1	NA	NA	NA		NA		ENCFF114DWM, ENCFF967OQF	608064	ENCODE Processing Pipeline	17bcb3fdb006657213980f98a28dd079		https://www.encodeproject.org/files/ENCFF597TKH/@@download/ENCFF597TKH.bed.gz	GRCh38		NA	archived	low read depth			
ENCFF966HTZ	bed narrowPeak	peaks	ENCSR645GJD	DNase-seq	UBERON:0002113	kidney	tissue	Homo sapiens	NA	NA	NA	NA	NA	DNA	NA	see document	NA	NA	FALSE	31/07/13	Roadmap	NA	NA	NA	1	NA	NA	NA		NA		ENCFF489RAW, ENCFF967OQF	934726	ENCODE Processing Pipeline	bbb5bb7727ab5a9de0be0e807a72a54b		https://www.encodeproject.org/files/ENCFF966HTZ/@@download/ENCFF966HTZ.bed.gz	GRCh38		NA	archived				
ENCFF047JNI	bed narrowPeak	peaks	ENCSR645GJD	DNase-seq	UBERON:0002113	kidney	tissue	Homo sapiens	NA	NA	NA	NA	NA	DNA	NA	see document	NA	NA	FALSE	31/07/13	Roadmap	NA	NA	NA	1	NA	NA	NA		NA		ENCFF011KOC, ENCFF967OQF	624986	ENCODE Processing Pipeline	0763ed8722b06f7c6080c4c449f9d6e5		https://www.encodeproject.org/files/ENCFF047JNI/@@download/ENCFF047JNI.bed.gz	GRCh38		NA	archived				
ENCFF987DJP	bed narrowPeak	peaks	ENCSR645GJD	DNase-seq	UBERON:0002113	kidney	tissue	Homo sapiens	NA	NA	NA	NA	NA	DNA	NA	see document	NA	NA	FALSE	31/07/13	Roadmap	NA	NA	NA	1	NA	NA	NA		NA		ENCFF404KKC, ENCFF992CZQ	583982	ENCODE Processing Pipeline	9d97be20c833fbc2ff3bf0a74320797a		https://www.encodeproject.org/files/ENCFF987DJP/@@download/ENCFF987DJP.bed.gz	GRCh38		NA	archived				
ENCFF435GTP	bed narrowPeak	peaks	ENCSR645GJD	DNase-seq	UBERON:0002113	kidney	tissue	Homo sapiens	NA	NA	NA	NA	NA	DNA	NA	see document	NA	NA	FALSE	31/07/13	Roadmap	NA	NA	NA	1	NA	NA	NA		NA		ENCFF011KOC, ENCFF967OQF	625693	ENCODE Processing Pipeline	6998a7ccce2250210cd6d5c6071205b1		https://www.encodeproject.org/files/ENCFF435GTP/@@download/ENCFF435GTP.bed.gz	GRCh38		NA	archived				
ENCFF036JUB	bed narrowPeak	peaks	ENCSR645GJD	DNase-seq	UBERON:0002113	kidney	tissue	Homo sapiens	NA	NA	NA	NA	NA	DNA	NA	see document	NA	NA	FALSE	31/07/13	Roadmap	NA	NA	NA	1	NA	NA	NA		NA		ENCFF416ELA, ENCFF967OQF	1324994	ENCODE Processing Pipeline	440dddb1ba53f6d62465f56def71aff1		https://www.encodeproject.org/files/ENCFF036JUB/@@download/ENCFF036JUB.bed.gz	GRCh38		NA	released				
ENCFF195YWM	bed narrowPeak	peaks	ENCSR645GJD	DNase-seq	UBERON:0002113	kidney	tissue	Homo sapiens	NA	NA	NA	NA	NA	DNA	NA	see document	NA	NA	FALSE	31/07/13	Roadmap	NA	NA	NA	1	NA	NA	NA		NA		ENCFF116FRK, ENCFF992CZQ	886184	ENCODE Processing Pipeline	51878c59167fe72848c1177328957324		https://www.encodeproject.org/files/ENCFF195YWM/@@download/ENCFF195YWM.bed.gz	GRCh38		NA	archived				
ENCFF378QVC	bed narrowPeak	peaks	ENCSR645GJD	DNase-seq	UBERON:0002113	kidney	tissue	Homo sapiens	NA	NA	NA	NA	NA	DNA	NA	see document	NA	NA	FALSE	31/07/13	Roadmap	NA	NA	NA	1	NA	NA	NA		NA		ENCFF489RAW, ENCFF967OQF	936293	ENCODE Processing Pipeline	00883a10af1fde6e06a4a0679e40bd88		https://www.encodeproject.org/files/ENCFF378QVC/@@download/ENCFF378QVC.bed.gz	GRCh38		NA	archived				
ENCFF183AEI	bed narrowPeak	peaks	ENCSR792ZXA	DNase-seq	UBERON:0002113	kidney	tissue	Homo sapiens	NA	NA	NA	NA	NA	DNA	NA		NA	NA	FALSE	13/12/17	ENCODE	NA	NA	NA	2	NA	NA	NA		NA		ENCFF519VQK, ENCFF967OQF	2327322	ENCODE Processing Pipeline	123ffce150716b4da04de24a615e7d51		https://www.encodeproject.org/files/ENCFF183AEI/@@download/ENCFF183AEI.bed.gz	GRCh38		NA	released		experiment not submitted to GEO		
ENCFF153WQN	bed narrowPeak	peaks	ENCSR792ZXA	DNase-seq	UBERON:0002113	kidney	tissue	Homo sapiens	NA	NA	NA	NA	NA	DNA	NA		NA	NA	FALSE	13/12/17	ENCODE	NA	NA	NA	1	NA	NA	NA		NA		ENCFF544VZR, ENCFF967OQF	2605822	ENCODE Processing Pipeline	037cef4ffdfafc3403a16e3a8bd879a1		https://www.encodeproject.org/files/ENCFF153WQN/@@download/ENCFF153WQN.bed.gz	GRCh38		NA	released		experiment not submitted to GEO		
ENCFF338EDR	bed narrowPeak	peaks	ENCSR792ZXA	DNase-seq	UBERON:0002113	kidney	tissue	Homo sapiens	NA	NA	NA	NA	NA	DNA	NA		NA	NA	FALSE	13/12/17	ENCODE	NA	NA	NA	1	NA	NA	NA		NA		ENCFF544VZR, ENCFF967OQF	2613368	ENCODE Processing Pipeline	f1796ed5194ec87ae40886df5974c5c3		https://www.encodeproject.org/files/ENCFF338EDR/@@download/ENCFF338EDR.bed.gz	GRCh38		NA	archived		experiment not submitted to GEO		
ENCFF133DIO	bed narrowPeak	peaks	ENCSR792ZXA	DNase-seq	UBERON:0002113	kidney	tissue	Homo sapiens	NA	NA	NA	NA	NA	DNA	NA		NA	NA	FALSE	13/12/17	ENCODE	NA	NA	NA	2	NA	NA	NA		NA		ENCFF519VQK, ENCFF967OQF	2331041	ENCODE Processing Pipeline	3b8364564a04cef4592473fe7d1531e8		https://www.encodeproject.org/files/ENCFF133DIO/@@download/ENCFF133DIO.bed.gz	GRCh38		NA	archived		experiment not submitted to GEO		
ENCFF402THI	bed narrowPeak	peaks	ENCSR873ANE	DNase-seq	UBERON:0002113	kidney	tissue	Homo sapiens	NA	NA	NA	NA	NA	DNA	NA		NA	NA	FALSE	13/12/17	ENCODE	NA	NA	NA	2	NA	NA	NA		NA		ENCFF084RXG, ENCFF967OQF	2413709	ENCODE Processing Pipeline	2ea14eb6dbb0872e9160234286ff3955		https://www.encodeproject.org/files/ENCFF402THI/@@download/ENCFF402THI.bed.gz	GRCh38		NA	released		experiment not submitted to GEO		
ENCFF305WVB	bed narrowPeak	peaks	ENCSR873ANE	DNase-seq	UBERON:0002113	kidney	tissue	Homo sapiens	NA	NA	NA	NA	NA	DNA	NA		NA	NA	FALSE	13/12/17	ENCODE	NA	NA	NA	1	NA	NA	NA		NA		ENCFF884TCQ, ENCFF967OQF	2067681	ENCODE Processing Pipeline	b6910e14b358f0d133be9fa9597c8867		https://www.encodeproject.org/files/ENCFF305WVB/@@download/ENCFF305WVB.bed.gz	GRCh38		NA	released		experiment not submitted to GEO		
ENCFF971IBL	bed narrowPeak	peaks	ENCSR873ANE	DNase-seq	UBERON:0002113	kidney	tissue	Homo sapiens	NA	NA	NA	NA	NA	DNA	NA		NA	NA	FALSE	13/12/17	ENCODE	NA	NA	NA	1	NA	NA	NA		NA		ENCFF884TCQ, ENCFF967OQF	2072671	ENCODE Processing Pipeline	9d1a85f68c83804cfed8611bb05ad8f1		https://www.encodeproject.org/files/ENCFF971IBL/@@download/ENCFF971IBL.bed.gz	GRCh38		NA	archived		experiment not submitted to GEO		
ENCFF109TAE	bed narrowPeak	peaks	ENCSR873ANE	DNase-seq	UBERON:0002113	kidney	tissue	Homo sapiens	NA	NA	NA	NA	NA	DNA	NA		NA	NA	FALSE	13/12/17	ENCODE	NA	NA	NA	2	NA	NA	NA		NA		ENCFF084RXG, ENCFF967OQF	2416227	ENCODE Processing Pipeline	eb834ba0c188982a65171e1b6cbb6871		https://www.encodeproject.org/files/ENCFF109TAE/@@download/ENCFF109TAE.bed.gz	GRCh38		NA	archived		experiment not submitted to GEO		
ENCFF871EKB	bed narrowPeak	peaks	ENCSR953JVX	DNase-seq	UBERON:0002113	kidney	tissue	Homo sapiens	NA	NA	NA	NA	NA	DNA	NA	see document	NA	NA	FALSE	31/07/13	Roadmap	NA	NA	NA	1	NA	NA	NA		NA		ENCFF165CHM, ENCFF967OQF	715405	ENCODE Processing Pipeline	4de55c7ca55fbb04206bfc6d9c84551c		https://www.encodeproject.org/files/ENCFF871EKB/@@download/ENCFF871EKB.bed.gz	GRCh38		NA	released	low spot score, low read depth			
ENCFF116GQA	bed narrowPeak	peaks	ENCSR953JVX	DNase-seq	UBERON:0002113	kidney	tissue	Homo sapiens	NA	NA	NA	NA	NA	DNA	NA	see document	NA	NA	FALSE	31/07/13	Roadmap	NA	NA	NA	1	NA	NA	NA		NA		ENCFF051CMT, ENCFF992CZQ	673674	ENCODE Processing Pipeline	7444a513c696ba601a1f232cccad9835		https://www.encodeproject.org/files/ENCFF116GQA/@@download/ENCFF116GQA.bed.gz	GRCh38		NA	archived	low spot score, low read depth			
ENCFF635WCC	bed narrowPeak	peaks	ENCSR953JVX	DNase-seq	UBERON:0002113	kidney	tissue	Homo sapiens	NA	NA	NA	NA	NA	DNA	NA	see document	NA	NA	FALSE	31/07/13	Roadmap	NA	NA	NA	1	NA	NA	NA		NA		ENCFF165CHM, ENCFF967OQF	716583	ENCODE Processing Pipeline	86505368d1980858fff8438b0b34234b		https://www.encodeproject.org/files/ENCFF635WCC/@@download/ENCFF635WCC.bed.gz	GRCh38		NA	archived	low spot score, low read depth			
ENCFF270GNM	bed narrowPeak	peaks	ENCSR082JCE	DNase-seq	UBERON:0002113	kidney	tissue	Homo sapiens	NA	NA	NA	NA	NA	DNA	NA	see document	NA	NA	FALSE	31/07/13	Roadmap	NA	NA	NA	1	NA	NA	NA		NA		ENCFF919CBA, ENCFF967OQF	756687	ENCODE Processing Pipeline	797ddb30a6d5ec7dd1b725d16e42d815		https://www.encodeproject.org/files/ENCFF270GNM/@@download/ENCFF270GNM.bed.gz	GRCh38		NA	released	low read depth			
ENCFF498MDZ	bed narrowPeak	peaks	ENCSR082JCE	DNase-seq	UBERON:0002113	kidney	tissue	Homo sapiens	NA	NA	NA	NA	NA	DNA	NA	see document	NA	NA	FALSE	31/07/13	Roadmap	NA	NA	NA	1	NA	NA	NA		NA		ENCFF193EAZ, ENCFF992CZQ	711502	ENCODE Processing Pipeline	a081ce90f9ab8c85fb1c00b5de6e4fed		https://www.encodeproject.org/files/ENCFF498MDZ/@@download/ENCFF498MDZ.bed.gz	GRCh38		NA	archived	low read depth			
ENCFF642UFQ	bed narrowPeak	peaks	ENCSR082JCE	DNase-seq	UBERON:0002113	kidney	tissue	Homo sapiens	NA	NA	NA	NA	NA	DNA	NA	see document	NA	NA	FALSE	31/07/13	Roadmap	NA	NA	NA	1	NA	NA	NA		NA		ENCFF919CBA, ENCFF967OQF	758015	ENCODE Processing Pipeline	a3f4918b1e65ef22e943d64fa13f46c2		https://www.encodeproject.org/files/ENCFF642UFQ/@@download/ENCFF642UFQ.bed.gz	GRCh38		NA	archived	low read depth			
ENCFF262FHU	bed narrowPeak	peaks	ENCSR262QJC	DNase-seq	UBERON:0002113	kidney	tissue	Homo sapiens	NA	NA	NA	NA	NA	DNA	NA	see document	NA	NA	FALSE	31/07/13	Roadmap	NA	NA	NA	1	NA	NA	NA		NA		ENCFF577AHY, ENCFF967OQF	452451	ENCODE Processing Pipeline	7e42bd1ef513f36dc215a1843637e707		https://www.encodeproject.org/files/ENCFF262FHU/@@download/ENCFF262FHU.bed.gz	GRCh38		NA	released	low spot score, low read depth			
ENCFF024TPY	bed narrowPeak	peaks	ENCSR262QJC	DNase-seq	UBERON:0002113	kidney	tissue	Homo sapiens	NA	NA	NA	NA	NA	DNA	NA	see document	NA	NA	FALSE	31/07/13	Roadmap	NA	NA	NA	1	NA	NA	NA		NA		ENCFF452WSO, ENCFF992CZQ	421698	ENCODE Processing Pipeline	46ab3301421eea8d7a909eda96b34803		https://www.encodeproject.org/files/ENCFF024TPY/@@download/ENCFF024TPY.bed.gz	GRCh38		NA	archived	low spot score, low read depth			
ENCFF102GUG	bed narrowPeak	peaks	ENCSR262QJC	DNase-seq	UBERON:0002113	kidney	tissue	Homo sapiens	NA	NA	NA	NA	NA	DNA	NA	see document	NA	NA	FALSE	31/07/13	Roadmap	NA	NA	NA	1	NA	NA	NA		NA		ENCFF577AHY, ENCFF967OQF	453390	ENCODE Processing Pipeline	80386a565c3a2da342b91758b5d79806		https://www.encodeproject.org/files/ENCFF102GUG/@@download/ENCFF102GUG.bed.gz	GRCh38		NA	archived	low spot score, low read depth			
ENCFF484XHW	bed narrowPeak	peaks	ENCSR106OKX	DNase-seq	UBERON:0002113	kidney	tissue	Homo sapiens	NA	NA	NA	NA	NA	DNA	NA	see document	NA	NA	FALSE	31/07/13	Roadmap	NA	NA	NA	1	NA	NA	NA		NA		ENCFF196AJB, ENCFF967OQF	882822	ENCODE Processing Pipeline	e7a03ab3e9c38ea135ed8adaed57a1ff		https://www.encodeproject.org/files/ENCFF484XHW/@@download/ENCFF484XHW.bed.gz	GRCh38		NA	released	low read depth			
ENCFF848SAN	bed narrowPeak	peaks	ENCSR106OKX	DNase-seq	UBERON:0002113	kidney	tissue	Homo sapiens	NA	NA	NA	NA	NA	DNA	NA	see document	NA	NA	FALSE	31/07/13	Roadmap	NA	NA	NA	1	NA	NA	NA		NA		ENCFF284KOV, ENCFF992CZQ	835162	ENCODE Processing Pipeline	049ec1b4b1c3b36fd5de19ea321c61a9		https://www.encodeproject.org/files/ENCFF848SAN/@@download/ENCFF848SAN.bed.gz	GRCh38		NA	archived	low read depth			
ENCFF561ENC	bed narrowPeak	peaks	ENCSR106OKX	DNase-seq	UBERON:0002113	kidney	tissue	Homo sapiens	NA	NA	NA	NA	NA	DNA	NA	see document	NA	NA	FALSE	31/07/13	Roadmap	NA	NA	NA	1	NA	NA	NA		NA		ENCFF196AJB, ENCFF967OQF	884310	ENCODE Processing Pipeline	c9621d97ad527f8458b624285370e33f		https://www.encodeproject.org/files/ENCFF561ENC/@@download/ENCFF561ENC.bed.gz	GRCh38		NA	archived	low read depth			
ENCFF845VOI	bed narrowPeak	peaks	ENCSR757EPJ	DNase-seq	UBERON:0002113	kidney	tissue	Homo sapiens	NA	NA	NA	NA	NA	DNA	NA	see document	NA	NA	FALSE	31/07/13	Roadmap	NA	NA	NA	1	NA	NA	NA		NA		ENCFF066IIT, ENCFF967OQF	1502730	ENCODE Processing Pipeline	8a0bd35652836f6b7ab3ef2d405782e8		https://www.encodeproject.org/files/ENCFF845VOI/@@download/ENCFF845VOI.bed.gz	GRCh38		NA	released	low read depth			
ENCFF979NIV	bed narrowPeak	peaks	ENCSR757EPJ	DNase-seq	UBERON:0002113	kidney	tissue	Homo sapiens	NA	NA	NA	NA	NA	DNA	NA	see document	NA	NA	FALSE	31/07/13	Roadmap	NA	NA	NA	1	NA	NA	NA		NA		ENCFF779EHX, ENCFF992CZQ	1431249	ENCODE Processing Pipeline	de0d2bd7322f9ada3e5683fa6e477559		https://www.encodeproject.org/files/ENCFF979NIV/@@download/ENCFF979NIV.bed.gz	GRCh38		NA	archived	low read depth			
ENCFF020FWO	bed narrowPeak	peaks	ENCSR757EPJ	DNase-seq	UBERON:0002113	kidney	tissue	Homo sapiens	NA	NA	NA	NA	NA	DNA	NA	see document	NA	NA	FALSE	31/07/13	Roadmap	NA	NA	NA	1	NA	NA	NA		NA		ENCFF066IIT, ENCFF967OQF	1504200	ENCODE Processing Pipeline	dbba42198b5f09bfdd08bf5df0c5bc7c		https://www.encodeproject.org/files/ENCFF020FWO/@@download/ENCFF020FWO.bed.gz	GRCh38		NA	archived	low read depth			
ENCFF765BJR	bed narrowPeak	peaks	ENCSR941DTJ	DNase-seq	UBERON:0002113	kidney	tissue	Homo sapiens	NA	NA	NA	NA	NA	DNA	NA	see document	NA	NA	FALSE	31/07/13	Roadmap	NA	NA	NA	1	NA	NA	NA		NA		ENCFF907ZLW, ENCFF967OQF	760677	ENCODE Processing Pipeline	e0f7e7c69192191db82ec9a217ef72cc		https://www.encodeproject.org/files/ENCFF765BJR/@@download/ENCFF765BJR.bed.gz	GRCh38		NA	released	low read depth			
ENCFF577ZMC	bed narrowPeak	peaks	ENCSR941DTJ	DNase-seq	UBERON:0002113	kidney	tissue	Homo sapiens	NA	NA	NA	NA	NA	DNA	NA	see document	NA	NA	FALSE	31/07/13	Roadmap	NA	NA	NA	1	NA	NA	NA		NA		ENCFF974RAF, ENCFF992CZQ	721341	ENCODE Processing Pipeline	61ba8be640e99b66ae10e591febc7afa		https://www.encodeproject.org/files/ENCFF577ZMC/@@download/ENCFF577ZMC.bed.gz	GRCh38		NA	archived	low read depth			
ENCFF948CVH	bed narrowPeak	peaks	ENCSR941DTJ	DNase-seq	UBERON:0002113	kidney	tissue	Homo sapiens	NA	NA	NA	NA	NA	DNA	NA	see document	NA	NA	FALSE	31/07/13	Roadmap	NA	NA	NA	1	NA	NA	NA		NA		ENCFF907ZLW, ENCFF967OQF	762405	ENCODE Processing Pipeline	74ddf74d538b2eb540865761ffc46f6c		https://www.encodeproject.org/files/ENCFF948CVH/@@download/ENCFF948CVH.bed.gz	GRCh38		NA	archived	low read depth			
