motif_id	motif_alt_id	sequence_name	start	stop	strand	score	p-value	q-value	matched_sequence
MA0524.2	TFAP2C	LTR23_31	118	129	-	17.4184	3.11e-08	0.00499	TGCCCCAGGGCA
MA0524.2	TFAP2C	LTR23_784	131	142	+	17.4184	3.11e-08	0.00499	TGCCCCAGGGCA
MA0039.4	KLF4	LTR23_79	94	105	+	17.2636	6.3e-08	0.00674	CCCCCCACCCCC
MA0039.4	KLF4	LTR23_794	83	94	-	17.2636	6.3e-08	0.00674	CCCCCCACCCCC
MA0039.4	KLF4	LTR23_471	117	128	-	17.2636	6.3e-08	0.00674	CCCCCCACCCCC
MA0524.2	TFAP2C	LTR23_444	35	46	-	16.9796	8.23e-08	0.00528	TGCCCCCGGGCA
MA0524.2	TFAP2C	LTR23_801	104	115	-	16.9796	8.23e-08	0.00528	TGCCCCCGGGCA
MA0524.2	TFAP2C	LTR23_462	125	136	-	16.9796	8.23e-08	0.00528	TGCCCCCGGGCA
MA0524.2	TFAP2C	LTR23_76	109	120	+	16.7347	2.08e-07	0.0061	TGCCCGAGGGCA
MA0524.2	TFAP2C	LTR23_31	118	129	+	16.7347	2.08e-07	0.0061	TGCCCTGGGGCA
MA0524.2	TFAP2C	LTR23_784	131	142	-	16.7347	2.08e-07	0.0061	TGCCCTGGGGCA
MA0050.2	IRF1	LTR23_21	212	232	+	19.0806	2.31e-07	0.0463	CTTTTCTTTCTCTTTTCCTTT
MA0524.2	TFAP2C	LTR23_444	35	46	+	16.5204	2.93e-07	0.0061	TGCCCGGGGGCA
MA0524.2	TFAP2C	LTR23_801	104	115	+	16.5204	2.93e-07	0.0061	TGCCCGGGGGCA
MA0524.2	TFAP2C	LTR23_462	125	136	+	16.5204	2.93e-07	0.0061	TGCCCGGGGGCA
MA0809.2	TEAD4	LTR23_703	23	34	-	16.0917	3.17e-07	0.00974	ACACATTCCAGG
MA0809.2	TEAD4	LTR23_380	23	34	-	16.0917	3.17e-07	0.00974	ACACATTCCAGG
MA0809.2	TEAD4	LTR23_766	52	63	-	16.0917	3.17e-07	0.00974	ACACATTCCAGG
MA0809.2	TEAD4	LTR23_571	52	63	-	16.0917	3.17e-07	0.00974	ACACATTCCAGG
MA0809.2	TEAD4	LTR23_502	156	167	-	16.0917	3.17e-07	0.00974	ACACATTCCAGG
MA0809.2	TEAD4	LTR23_97	164	175	-	16.0917	3.17e-07	0.00974	ACACATTCCAGG
MA0809.2	TEAD4	LTR23_656	173	184	-	16.0917	3.17e-07	0.00974	ACACATTCCAGG
MA0809.2	TEAD4	LTR23_867	181	192	-	16.0917	3.17e-07	0.00974	ACACATTCCAGG
MA0809.2	TEAD4	LTR23_42	186	197	-	16.0917	3.17e-07	0.00974	ACACATTCCAGG
MA0809.2	TEAD4	LTR23_784	217	228	-	16.0917	3.17e-07	0.00974	ACACATTCCAGG
MA0050.2	IRF1	LTR23_600	276	296	+	18.6774	3.21e-07	0.0463	CTTCTCTTTCTTTTTCCCTTT
MA0524.2	TFAP2C	LTR23_76	109	120	-	16.5102	3.24e-07	0.0061	TGCCCTCGGGCA
MA0809.2	TEAD4	LTR23_341	177	188	-	16.055	3.63e-07	0.0101	GCACATTCCAGG
MA0524.2	TFAP2C	LTR23_82	15	26	-	16.1429	5.33e-07	0.0061	TGCCCCCAGGCA
MA0524.2	TFAP2C	LTR23_410	35	46	-	16.1429	5.33e-07	0.0061	TGCCCCCAGGCA
MA0524.2	TFAP2C	LTR23_501	87	98	-	16.1429	5.33e-07	0.0061	TGCCCCCAGGCA
MA0524.2	TFAP2C	LTR23_589	92	103	-	16.1429	5.33e-07	0.0061	TGCCCCCAGGCA
MA0524.2	TFAP2C	LTR23_718	97	108	-	16.1429	5.33e-07	0.0061	TGCCCCCAGGCA
MA0524.2	TFAP2C	LTR23_28	97	108	-	16.1429	5.33e-07	0.0061	TGCCCCCAGGCA
MA0524.2	TFAP2C	LTR23_834	100	111	-	16.1429	5.33e-07	0.0061	TGCCCCCAGGCA
MA0524.2	TFAP2C	LTR23_486	100	111	-	16.1429	5.33e-07	0.0061	TGCCCCCAGGCA
MA0524.2	TFAP2C	LTR23_721	105	116	-	16.1429	5.33e-07	0.0061	TGCCCCCAGGCA
MA0524.2	TFAP2C	LTR23_831	105	116	-	16.1429	5.33e-07	0.0061	TGCCCCCAGGCA
MA0524.2	TFAP2C	LTR23_875	107	118	-	16.1429	5.33e-07	0.0061	TGCCCCCAGGCA
MA0524.2	TFAP2C	LTR23_138	108	119	-	16.1429	5.33e-07	0.0061	TGCCCCCAGGCA
MA0524.2	TFAP2C	LTR23_537	111	122	-	16.1429	5.33e-07	0.0061	TGCCCCCAGGCA
MA0524.2	TFAP2C	LTR23_192	114	125	-	16.1429	5.33e-07	0.0061	TGCCCCCAGGCA
MA0524.2	TFAP2C	LTR23_42	118	129	-	16.1429	5.33e-07	0.0061	TGCCCCCAGGCA
MA0524.2	TFAP2C	LTR23_152	138	149	-	16.1429	5.33e-07	0.0061	TGCCCCCAGGCA
MA0039.4	KLF4	LTR23_794	77	88	-	16.5	5.77e-07	0.0336	ACCCCCACCCCC
MA0524.2	TFAP2C	LTR23_340	103	114	-	16.1122	5.79e-07	0.0064	TGCCCTAAGGCA
MA0039.4	KLF4	LTR23_492	85	96	+	16.4455	6.34e-07	0.0336	AGCCCCACCCAC
MA0517.1	STAT1::STAT2	LTR23_607	390	404	+	17.6212	7.5e-07	0.188	TCAGTTTTGTTTTCC
MA0039.4	KLF4	LTR23_417	89	100	+	16.4	7.62e-07	0.0336	GCCCCCACCCTC
MA0039.4	KLF4	LTR23_152	102	113	+	16.3909	8.13e-07	0.0336	GACCCCACCCCC
MA0039.4	KLF4	LTR23_81	121	132	+	16.3636	8.38e-07	0.0336	TCCCCCACCCCC
MA0867.2	SOX4	LTR23_682	226	235	-	14.6923	9.09e-07	0.212	GAACAAAGGG
MA0050.2	IRF1	LTR23_374	294	314	+	17.1129	1.02e-06	0.0812	CTGCCCTTTCTTTTTCTCTTT
MA0524.2	TFAP2C	LTR23_340	103	114	+	15.6837	1.08e-06	0.00973	TGCCTTAGGGCA
MA0524.2	TFAP2C	LTR23_573	92	103	-	15.6735	1.12e-06	0.00973	TGCCCTCAGGCA
MA0524.2	TFAP2C	LTR23_768	92	103	-	15.6735	1.12e-06	0.00973	TGCCCTCAGGCA
MA0524.2	TFAP2C	LTR23_693	100	111	-	15.6735	1.12e-06	0.00973	TGCCCTCAGGCA
MA0524.2	TFAP2C	LTR23_547	108	119	-	15.6735	1.12e-06	0.00973	TGCCCTCAGGCA
MA0524.2	TFAP2C	LTR23_21	111	122	-	15.6735	1.12e-06	0.00973	TGCCCTCAGGCA
MA0524.2	TFAP2C	LTR23_409	114	125	-	15.6735	1.12e-06	0.00973	TGCCCTCAGGCA
MA0524.2	TFAP2C	LTR23_113	116	127	-	15.6735	1.12e-06	0.00973	TGCCCTCAGGCA
MA0050.2	IRF1	LTR23_730	130	150	+	16.9677	1.13e-06	0.0812	TTTGCCTTTCTTTTTCCCTTT
MA0039.4	KLF4	LTR23_598	97	108	+	16.1727	1.18e-06	0.0422	CTCCCCACCCTC
MA0524.2	TFAP2C	LTR23_768	92	103	+	15.4694	1.43e-06	0.00985	TGCCTGAGGGCA
MA0524.2	TFAP2C	LTR23_573	92	103	+	15.4694	1.43e-06	0.00985	TGCCTGAGGGCA
MA0524.2	TFAP2C	LTR23_693	100	111	+	15.4694	1.43e-06	0.00985	TGCCTGAGGGCA
MA0524.2	TFAP2C	LTR23_547	108	119	+	15.4694	1.43e-06	0.00985	TGCCTGAGGGCA
MA0524.2	TFAP2C	LTR23_21	111	122	+	15.4694	1.43e-06	0.00985	TGCCTGAGGGCA
MA0524.2	TFAP2C	LTR23_409	114	125	+	15.4694	1.43e-06	0.00985	TGCCTGAGGGCA
MA0524.2	TFAP2C	LTR23_113	116	127	+	15.4694	1.43e-06	0.00985	TGCCTGAGGGCA
MA0039.4	KLF4	LTR23_636	119	130	-	15.9727	1.66e-06	0.0501	ATCCCCACCCCC
MA0809.2	TEAD4	LTR23_647	182	193	-	15.3028	1.84e-06	0.0471	ATACATTCCAGG
MA0524.2	TFAP2C	LTR23_82	15	26	+	15.2551	1.84e-06	0.00985	TGCCTGGGGGCA
MA0524.2	TFAP2C	LTR23_410	35	46	+	15.2551	1.84e-06	0.00985	TGCCTGGGGGCA
MA0524.2	TFAP2C	LTR23_501	87	98	+	15.2551	1.84e-06	0.00985	TGCCTGGGGGCA
MA0524.2	TFAP2C	LTR23_589	92	103	+	15.2551	1.84e-06	0.00985	TGCCTGGGGGCA
MA0524.2	TFAP2C	LTR23_28	97	108	+	15.2551	1.84e-06	0.00985	TGCCTGGGGGCA
MA0524.2	TFAP2C	LTR23_718	97	108	+	15.2551	1.84e-06	0.00985	TGCCTGGGGGCA
MA0524.2	TFAP2C	LTR23_486	100	111	+	15.2551	1.84e-06	0.00985	TGCCTGGGGGCA
MA0524.2	TFAP2C	LTR23_834	100	111	+	15.2551	1.84e-06	0.00985	TGCCTGGGGGCA
MA0524.2	TFAP2C	LTR23_721	105	116	+	15.2551	1.84e-06	0.00985	TGCCTGGGGGCA
MA0524.2	TFAP2C	LTR23_831	105	116	+	15.2551	1.84e-06	0.00985	TGCCTGGGGGCA
MA0524.2	TFAP2C	LTR23_875	107	118	+	15.2551	1.84e-06	0.00985	TGCCTGGGGGCA
MA0524.2	TFAP2C	LTR23_138	108	119	+	15.2551	1.84e-06	0.00985	TGCCTGGGGGCA
MA0524.2	TFAP2C	LTR23_537	111	122	+	15.2551	1.84e-06	0.00985	TGCCTGGGGGCA
MA0524.2	TFAP2C	LTR23_192	114	125	+	15.2551	1.84e-06	0.00985	TGCCTGGGGGCA
MA0524.2	TFAP2C	LTR23_42	118	129	+	15.2551	1.84e-06	0.00985	TGCCTGGGGGCA
MA0524.2	TFAP2C	LTR23_152	138	149	+	15.2551	1.84e-06	0.00985	TGCCTGGGGGCA
MA0039.4	KLF4	LTR23_213	79	90	+	15.9091	1.87e-06	0.0501	TCCCCCACCCAC
MA0039.4	KLF4	LTR23_777	84	95	+	15.9091	1.87e-06	0.0501	TCCCCCACCCAC
MA0517.1	STAT1::STAT2	LTR23_415	398	412	+	16.3788	1.95e-06	0.188	TCAGTTTTTTTTTCC
MA0867.2	SOX4	LTR23_509	74	83	-	14.3269	2.02e-06	0.212	GAACAAAGGA
MA0867.2	SOX4	LTR23_875	266	275	-	14.3269	2.02e-06	0.212	GAACAAAGGA
MA0524.2	TFAP2C	LTR23_32	103	114	-	15.1122	2.13e-06	0.0112	TGCCCCAAGGCG
MA0524.2	TFAP2C	LTR23_640	117	128	+	15.0918	2.2e-06	0.0114	TGCCCAAGGGCA
MA0517.1	STAT1::STAT2	LTR23_250	112	126	+	16.1061	2.31e-06	0.188	TAAGTTTCTTTTCTC
MA0039.4	KLF4	LTR23_565	92	103	+	15.7636	2.39e-06	0.0586	CTCCCCACCCTG
MA0039.4	KLF4	LTR23_143	99	110	+	15.5727	2.74e-06	0.0586	GCCCCCACCCAT
MA0039.4	KLF4	LTR23_645	102	113	-	15.5727	2.74e-06	0.0586	GCCCCCACCCAT
MA0136.2	ELF5	LTR23_422	334	344	-	14.2182	2.77e-06	0.865	ACCCGGAAGCA
MA0524.2	TFAP2C	LTR23_525	57	68	+	14.8776	2.8e-06	0.0118	TGCCCAGGGGCA
MA0524.2	TFAP2C	LTR23_850	102	113	+	14.8776	2.8e-06	0.0118	TGCCCAGGGGCA
MA0524.2	TFAP2C	LTR23_12	106	117	+	14.8776	2.8e-06	0.0118	TGCCCAGGGGCA
MA0524.2	TFAP2C	LTR23_158	106	117	+	14.8776	2.8e-06	0.0118	TGCCCAGGGGCA
MA0524.2	TFAP2C	LTR23_827	97	108	-	14.8776	2.8e-06	0.0118	TGCCTCCAGGCA
MA0524.2	TFAP2C	LTR23_829	97	108	-	14.8776	2.8e-06	0.0118	TGCCTCCAGGCA
MA0524.2	TFAP2C	LTR23_769	97	108	-	14.8776	2.8e-06	0.0118	TGCCTCCAGGCA
MA0524.2	TFAP2C	LTR23_823	97	108	-	14.8776	2.8e-06	0.0118	TGCCTCCAGGCA
MA0524.2	TFAP2C	LTR23_628	97	108	-	14.8776	2.8e-06	0.0118	TGCCTCCAGGCA
MA0524.2	TFAP2C	LTR23_825	97	108	-	14.8776	2.8e-06	0.0118	TGCCTCCAGGCA
MA0524.2	TFAP2C	LTR23_149	99	110	-	14.8776	2.8e-06	0.0118	TGCCTCCAGGCA
MA0524.2	TFAP2C	LTR23_399	112	123	+	14.8776	2.8e-06	0.0118	TGCCCAGGGGCA
MA0524.2	TFAP2C	LTR23_222	114	125	+	14.8776	2.8e-06	0.0118	TGCCCAGGGGCA
MA0524.2	TFAP2C	LTR23_33	106	117	-	14.8776	2.8e-06	0.0118	TGCCTCCAGGCA
MA0517.1	STAT1::STAT2	LTR23_716	217	231	+	15.7879	2.87e-06	0.188	TCAGTTTCTTTTCTT
MA0867.2	SOX4	LTR23_374	274	283	-	14.3077	2.92e-06	0.23	GAACAAAGGC
MA0524.2	TFAP2C	LTR23_546	103	114	+	14.7857	3.17e-06	0.013	CGCCTGAGGGCA
MA0524.2	TFAP2C	LTR23_32	103	114	+	14.7857	3.17e-06	0.013	CGCCTTGGGGCA
MA0524.2	TFAP2C	LTR23_569	107	118	-	14.6735	3.43e-06	0.0139	TGCCCCCAGGCG
MA0517.1	STAT1::STAT2	LTR23_86	164	178	+	15.4848	3.52e-06	0.188	TTAGTTTCATGTTCC
MA0050.2	IRF1	LTR23_716	209	229	+	15.129	3.55e-06	0.149	ATTTTGTCTCAGTTTCTTTTC
MA0039.4	KLF4	LTR23_812	18	29	+	15.3727	3.64e-06	0.0684	TGCCCCACCCAT
MA0039.4	KLF4	LTR23_127	97	108	+	15.3455	3.74e-06	0.0684	CTCCCCACCCAT
MA0039.4	KLF4	LTR23_692	92	103	+	15.3	3.84e-06	0.0684	CACCCCACCCAT
MA0524.2	TFAP2C	LTR23_569	107	118	+	14.5714	3.93e-06	0.0158	CGCCTGGGGGCA
MA0050.2	IRF1	LTR23_21	224	244	+	14.8226	4.23e-06	0.149	TTTTCCTTTTTCTTTTTTTTT
MA0050.2	IRF1	LTR23_655	319	339	+	14.8226	4.23e-06	0.149	CTGCCCTTTCTTTTTTCCTTT
MA0517.1	STAT1::STAT2	LTR23_497	97	111	+	15.1667	4.25e-06	0.188	TCAGTTTTTTTTTCT
MA0517.1	STAT1::STAT2	LTR23_600	278	292	+	15.1515	4.29e-06	0.188	TCTCTTTCTTTTTCC
MA0039.4	KLF4	LTR23_125	111	122	+	15.1545	4.34e-06	0.0698	CACCCCACCCGC
MA0050.2	IRF1	LTR23_217	259	279	+	14.7258	4.47e-06	0.149	CTTTTCTTTTGCTTTTCTTTC
MA0524.2	TFAP2C	LTR23_829	97	108	+	14.4184	4.57e-06	0.0167	TGCCTGGAGGCA
MA0524.2	TFAP2C	LTR23_825	97	108	+	14.4184	4.57e-06	0.0167	TGCCTGGAGGCA
MA0524.2	TFAP2C	LTR23_823	97	108	+	14.4184	4.57e-06	0.0167	TGCCTGGAGGCA
MA0524.2	TFAP2C	LTR23_769	97	108	+	14.4184	4.57e-06	0.0167	TGCCTGGAGGCA
MA0524.2	TFAP2C	LTR23_827	97	108	+	14.4184	4.57e-06	0.0167	TGCCTGGAGGCA
MA0524.2	TFAP2C	LTR23_628	97	108	+	14.4184	4.57e-06	0.0167	TGCCTGGAGGCA
MA0524.2	TFAP2C	LTR23_149	99	110	+	14.4184	4.57e-06	0.0167	TGCCTGGAGGCA
MA0524.2	TFAP2C	LTR23_33	106	117	+	14.4184	4.57e-06	0.0167	TGCCTGGAGGCA
MA0039.4	KLF4	LTR23_424	92	103	+	15.0455	4.63e-06	0.0698	GTCCCCACCCAT
MA0039.4	KLF4	LTR23_439	92	103	+	15.0455	4.63e-06	0.0698	GTCCCCACCCAT
MA0039.4	KLF4	LTR23_106	108	119	+	15	4.85e-06	0.0698	ACCCCCACCCTT
MA0039.4	KLF4	LTR23_175	95	106	+	14.9727	5e-06	0.0698	TCCCCCACCCAT
MA0524.2	TFAP2C	LTR23_525	57	68	-	14.3061	5.21e-06	0.0178	TGCCCCTGGGCA
MA0524.2	TFAP2C	LTR23_850	102	113	-	14.3061	5.21e-06	0.0178	TGCCCCTGGGCA
MA0524.2	TFAP2C	LTR23_158	106	117	-	14.3061	5.21e-06	0.0178	TGCCCCTGGGCA
MA0524.2	TFAP2C	LTR23_12	106	117	-	14.3061	5.21e-06	0.0178	TGCCCCTGGGCA
MA0524.2	TFAP2C	LTR23_399	112	123	-	14.3061	5.21e-06	0.0178	TGCCCCTGGGCA
MA0524.2	TFAP2C	LTR23_222	114	125	-	14.3061	5.21e-06	0.0178	TGCCCCTGGGCA
MA0146.2	Zfx	LTR23_256	120	133	-	15.0455	5.24e-06	0.75	GTGCCCCAGGCCTG
MA0524.2	TFAP2C	LTR23_643	108	119	+	14.2551	5.37e-06	0.0181	TGCCCAAAGGCA
MA0039.4	KLF4	LTR23_386	106	117	-	14.8182	5.67e-06	0.0709	ACCCCCACCCAA
MA0524.2	TFAP2C	LTR23_546	103	114	-	14.2041	5.68e-06	0.019	TGCCCTCAGGCG
MA0039.4	KLF4	LTR23_471	110	121	-	14.7909	5.73e-06	0.0709	CCCCCCACCCGT
MA0039.4	KLF4	LTR23_199	276	287	+	14.7636	5.74e-06	0.0709	CCCCCCGCCCCC
MA0065.2	Pparg::Rxra	LTR23_746	74	88	+	14.2072	5.77e-06	0.444	GTGGGTCCAAGGGCA
MA0050.2	IRF1	LTR23_298	347	367	+	14.2258	5.9e-06	0.149	AACTGCTTTCTTTTTTTCCTT
MA0517.1	STAT1::STAT2	LTR23_803	1	15	-	14.4394	6.4e-06	0.229	CTACTTTCCTTTCCC
MA0039.4	KLF4	LTR23_64	44	55	-	14.4636	6.55e-06	0.0735	GCCCCCGCCCCC
MA0039.4	KLF4	LTR23_4	92	103	+	14.4455	6.64e-06	0.0735	TTCCCCACCCAT
MA0039.4	KLF4	LTR23_155	106	117	+	14.4455	6.64e-06	0.0735	TTCCCCACCCAT
MA0524.2	TFAP2C	LTR23_41	104	115	+	14.0408	6.7e-06	0.0219	TGCCCAGAGGCA
MA0524.2	TFAP2C	LTR23_567	132	143	+	14.0408	6.7e-06	0.0219	TGCCCAGAGGCA
MA0517.1	STAT1::STAT2	LTR23_160	300	314	+	14.3182	6.88e-06	0.229	TTTCTTTCTTTTTCC
MA0039.4	KLF4	LTR23_856	96	107	+	14.2818	7.23e-06	0.0749	CCCCACACCCCC
MA0039.4	KLF4	LTR23_75	317	328	+	14.2818	7.23e-06	0.0749	CCCCACACCCCC
MA0524.2	TFAP2C	LTR23_850	2	13	+	13.9694	7.3e-06	0.0236	AGCCCAAGGGCA
MA0050.2	IRF1	LTR23_499	133	153	+	13.8226	7.32e-06	0.149	TTTTGTTTTTACTTTCTTTCC
MA0524.2	TFAP2C	LTR23_103	73	84	-	13.9592	7.39e-06	0.0237	TACCCCCGGGCA
MA0050.2	IRF1	LTR23_607	388	408	+	13.7903	7.44e-06	0.149	CCTCAGTTTTGTTTTCCTTTA
MA0050.2	IRF1	LTR23_194	301	321	+	13.7581	7.57e-06	0.149	CTGTCCTTTCTTTTTTCATTT
MA0867.2	SOX4	LTR23_456	124	133	-	13.3846	7.7e-06	0.323	GAACAAAGCG
MA0065.2	Pparg::Rxra	LTR23_650	21	35	-	13.8378	7.81e-06	0.444	GGGGGTGAGGGGTCA
MA0524.2	TFAP2C	LTR23_156	100	111	+	13.8571	8.03e-06	0.0252	TGCCCCAGGGTA
MA0524.2	TFAP2C	LTR23_661	110	121	-	13.8571	8.03e-06	0.0252	TGCCCCAGGGTA
MA0524.2	TFAP2C	LTR23_640	117	128	-	13.8367	8.23e-06	0.0256	TGCCCTTGGGCA
MA0050.2	IRF1	LTR23_21	218	238	+	13.5968	8.24e-06	0.149	TTTCTCTTTTCCTTTTTCTTT
MA0524.2	TFAP2C	LTR23_354	106	117	-	13.8163	8.39e-06	0.0256	TGCCCACAGGCA
MA0524.2	TFAP2C	LTR23_590	131	142	-	13.8163	8.39e-06	0.0256	TGCCCACAGGCA
MA0083.3	SRF	LTR23_248	24	39	+	11.2623	8.64e-06	1	GGCCCATATAAAGTCT
MA0039.4	KLF4	LTR23_582	120	131	+	13.8273	8.86e-06	0.0889	CCCCACACCCAC
MA0517.1	STAT1::STAT2	LTR23_141	4	18	-	13.8485	8.87e-06	0.229	GCTGTTTCTCTTTCC
MA0524.2	TFAP2C	LTR23_866	106	117	+	13.7551	8.92e-06	0.0267	AGCCCAGGGGCA
MA0524.2	TFAP2C	LTR23_387	108	119	+	13.7551	8.92e-06	0.0267	AGCCCAGGGGCA
MA0050.2	IRF1	LTR23_552	2	22	-	13.4355	8.95e-06	0.149	GTTTTCTTTTTGTTTTGTTTT
MA0517.1	STAT1::STAT2	LTR23_505	36	50	+	13.8182	9.01e-06	0.229	TTACTTTCATGTTCC
MA0867.2	SOX4	LTR23_326	291	300	-	13.3077	9.05e-06	0.323	GAACAAAGAA
MA0867.2	SOX4	LTR23_354	1	10	+	13.3077	9.05e-06	0.323	GAACAAAGAA
MA0050.2	IRF1	LTR23_782	106	126	+	13.3548	9.33e-06	0.149	AATTGCTTTTCCTTTTCCTTT
MA0524.2	TFAP2C	LTR23_661	110	121	+	13.7143	9.44e-06	0.0273	TACCCTGGGGCA
MA0524.2	TFAP2C	LTR23_156	100	111	-	13.7143	9.44e-06	0.0273	TACCCTGGGGCA
MA0524.2	TFAP2C	LTR23_381	106	117	-	13.7143	9.44e-06	0.0273	CACCCCAGGGCA
MA0524.2	TFAP2C	LTR23_379	107	118	-	13.7143	9.44e-06	0.0273	CACCCCAGGGCA
MA0525.2	TP63	LTR23_28	79	96	-	6.55172	9.8e-06	1	TGCGTGTGGGGACATGAC
MA0050.2	IRF1	LTR23_749	142	162	+	13.2581	9.81e-06	0.149	TTTTGCTTTCGTTTCTTCCTT
MA0039.4	KLF4	LTR23_568	87	98	+	13.5182	9.96e-06	0.0969	ACCCACACCCCC
MA0050.2	IRF1	LTR23_542	27	47	+	13.1935	1.01e-05	0.149	ACTTTGTCTCAGTTTCTTCTT
MA0524.2	TFAP2C	LTR23_658	112	123	+	13.6122	1.03e-05	0.0295	TGCCTAGGGGCA
MA0050.2	IRF1	LTR23_160	298	318	+	13.1452	1.04e-05	0.149	TCTTTCTTTCTTTTTCCTTGG
MA0050.2	IRF1	LTR23_361	129	149	+	13.129	1.05e-05	0.149	TTTTGTTTTTTCTTTCCTTTC
MA0050.2	IRF1	LTR23_112	133	153	+	13.129	1.05e-05	0.149	TTTTGTTTTTTCTTTCCTTTC
MA0039.4	KLF4	LTR23_284	96	107	+	13.4273	1.06e-05	0.0974	AACCCCGCCCCC
MA0039.4	KLF4	LTR23_234	117	128	+	13.4182	1.06e-05	0.0974	CCCCACACCCAG
MA0136.2	ELF5	LTR23_114	10	20	-	13.1455	1.08e-05	1	ACCAGGAAGCA
MA0065.2	Pparg::Rxra	LTR23_81	114	128	-	13.4144	1.09e-05	0.444	GTGGGGGAAAGGGGG
MA0050.2	IRF1	LTR23_415	396	416	+	13.0484	1.09e-05	0.149	CCTCAGTTTTTTTTTCCTTTA
MA0146.2	Zfx	LTR23_140	110	123	-	14.0758	1.1e-05	0.75	TGCTCCTGGGCCTG
MA0517.1	STAT1::STAT2	LTR23_28	2	16	-	13.3939	1.12e-05	0.229	TCACTTTTCTTTTCT
MA0867.2	SOX4	LTR23_759	34	43	+	13.2885	1.13e-05	0.323	GAACAATGGA
MA0867.2	SOX4	LTR23_352	71	80	+	13.2885	1.13e-05	0.323	GAACAATGGA
MA0867.2	SOX4	LTR23_351	180	189	+	13.2885	1.13e-05	0.323	GAACAATGGA
MA0867.2	SOX4	LTR23_530	204	213	+	13.2885	1.13e-05	0.323	GAACAATGGA
MA0517.1	STAT1::STAT2	LTR23_212	3	17	-	13.3333	1.15e-05	0.229	TGTGTTTCTCTTTCT
MA0517.1	STAT1::STAT2	LTR23_749	144	158	+	13.303	1.17e-05	0.229	TTGCTTTCGTTTCTT
MA0809.2	TEAD4	LTR23_53	282	293	-	13.9083	1.18e-05	0.0712	ATACATTCCAAC
MA0524.2	TFAP2C	LTR23_658	112	123	-	13.4694	1.21e-05	0.0342	TGCCCCTAGGCA
MA0050.2	IRF1	LTR23_342	48	68	+	12.8065	1.23e-05	0.149	CTTTTCTTTTTTTTTTTTTTT
MA0809.2	TEAD4	LTR23_759	7	18	+	13.8349	1.23e-05	0.0712	TCACATTCCTGG
MA0809.2	TEAD4	LTR23_473	104	115	+	13.8349	1.23e-05	0.0712	TCACATTCCTGG
MA0809.2	TEAD4	LTR23_300	172	183	+	13.8349	1.23e-05	0.0712	TCACATTCCTGG
MA0809.2	TEAD4	LTR23_667	177	188	+	13.8349	1.23e-05	0.0712	TCACATTCCTGG
MA0809.2	TEAD4	LTR23_106	188	199	+	13.8349	1.23e-05	0.0712	TCACATTCCTGG
MA0050.2	IRF1	LTR23_749	136	156	+	12.7581	1.26e-05	0.149	TATTAATTTTGCTTTCGTTTC
MA0039.4	KLF4	LTR23_636	140	151	-	13.0455	1.31e-05	0.115	CCCTCCACCCTC
MA0146.2	Zfx	LTR23_600	47	60	-	13.8182	1.32e-05	0.75	ACTGCCTGGGCCTG
MA0039.4	KLF4	LTR23_432	79	90	+	13.0364	1.32e-05	0.115	CACTCCACCCCC
MA0050.2	IRF1	LTR23_157	128	148	-	12.629	1.34e-05	0.149	TTTTCCTTTTTTTTTTTTTTT
MA0524.2	TFAP2C	LTR23_194	105	116	-	13.3061	1.35e-05	0.0381	TCCCCAAGGGCA
MA0050.2	IRF1	LTR23_388	190	210	+	12.5968	1.36e-05	0.149	TTTATTTTTCTTTTTCTCTTT
MA0083.3	SRF	LTR23_363	380	395	+	9.95082	1.4e-05	1	TGCCCAAATAAAGTCT
MA0039.4	KLF4	LTR23_809	67	78	+	12.8909	1.47e-05	0.115	CCCCACACCCAT
MA0039.4	KLF4	LTR23_359	87	98	+	12.8909	1.47e-05	0.115	CCCCACACCCAT
MA0039.4	KLF4	LTR23_156	89	100	+	12.8909	1.47e-05	0.115	CCCCACACCCAT
MA0039.4	KLF4	LTR23_337	91	102	+	12.8909	1.47e-05	0.115	CCCCACACCCAT
MA1535.1	NR2C1	LTR23_240	94	102	-	12.1731	1.48e-05	1	GGGGGTCAC
MA0524.2	TFAP2C	LTR23_620	101	112	-	13.1837	1.49e-05	0.0414	AGCCCCTGGGCA
MA0050.2	IRF1	LTR23_452	111	131	+	12.371	1.52e-05	0.149	TATTATTTTTATTTTTATTTT
MA1135.1	FOSB::JUNB	LTR23_753	12	21	-	13.7419	1.53e-05	1	CATGACTCAC
MA1135.1	FOSB::JUNB	LTR23_8	37	46	-	13.7419	1.53e-05	1	CATGACTCAC
MA0524.2	TFAP2C	LTR23_419	99	110	-	13.1633	1.54e-05	0.0417	TGCCCCCAGCCA
MA0517.1	STAT1::STAT2	LTR23_709	76	90	+	12.7879	1.54e-05	0.229	TCTGTTTTATTTTCT
MA0050.2	IRF1	LTR23_530	265	285	+	12.3387	1.55e-05	0.149	AACTGCTTCTTCTTTCCCTTT
MA0524.2	TFAP2C	LTR23_35	3	14	-	13.1224	1.59e-05	0.0417	TACCCCCAGGCA
MA0524.2	TFAP2C	LTR23_713	90	101	-	13.1224	1.59e-05	0.0417	TACCCCCAGGCA
MA0524.2	TFAP2C	LTR23_616	97	108	-	13.1224	1.59e-05	0.0417	TACCCCCAGGCA
MA0524.2	TFAP2C	LTR23_776	108	119	-	13.1224	1.59e-05	0.0417	TACCCCCAGGCA
MA0524.2	TFAP2C	LTR23_565	110	121	-	13.1224	1.59e-05	0.0417	TACCCCCAGGCA
MA0524.2	TFAP2C	LTR23_647	115	126	-	13.1224	1.59e-05	0.0417	TACCCCCAGGCA
MA0517.1	STAT1::STAT2	LTR23_693	385	399	+	12.697	1.61e-05	0.229	TCAGTTTTTTTTTTT
MA0050.2	IRF1	LTR23_273	69	89	+	12.1935	1.66e-05	0.149	TTTTTGTTTTTTTTTCCTTTA
MA0517.1	STAT1::STAT2	LTR23_537	3	17	-	12.6364	1.66e-05	0.229	CCAGTTTTCTTTTCT
MA0039.4	KLF4	LTR23_125	106	117	+	12.6909	1.68e-05	0.128	AGCCACACCCCA
MA0050.2	IRF1	LTR23_583	394	414	+	12.1452	1.7e-05	0.149	TTGGACTTTTCCTTTCAGGTT
MA0524.2	TFAP2C	LTR23_41	104	115	-	13.0408	1.71e-05	0.0443	TGCCTCTGGGCA
MA0524.2	TFAP2C	LTR23_567	132	143	-	13.0408	1.71e-05	0.0443	TGCCTCTGGGCA
MA0050.2	IRF1	LTR23_276	254	274	+	12.0806	1.75e-05	0.149	CTCTTCTTTTTTTTTTTTTTT
MA0050.2	IRF1	LTR23_655	152	172	+	12.0484	1.77e-05	0.149	TTTTGTTTTTTCTTTCCTTCT
MA0065.2	Pparg::Rxra	LTR23_290	84	98	-	12.7658	1.78e-05	0.444	GTTGGGAAGAGGTGA
MA0065.2	Pparg::Rxra	LTR23_282	105	119	-	12.7658	1.78e-05	0.444	CTGGGCAAGAGTTCA
MA0050.2	IRF1	LTR23_145	201	221	+	12.0323	1.79e-05	0.149	ACTGCCTTTTTCTTTTCCTTT
MA0050.2	IRF1	LTR23_373	226	246	+	12.0323	1.79e-05	0.149	ATTTTGTCTCAGTTTCTTCCT
MA0039.4	KLF4	LTR23_473	30	41	+	12.5818	1.81e-05	0.135	CACTCCACCCAC
MA0524.2	TFAP2C	LTR23_103	73	84	+	12.9592	1.82e-05	0.0464	TGCCCGGGGGTA
MA0524.2	TFAP2C	LTR23_620	101	112	+	12.9592	1.82e-05	0.0464	TGCCCAGGGGCT
MA0809.2	TEAD4	LTR23_747	23	34	-	13.2752	1.83e-05	0.0712	ATACATTCCAAT
MA0050.2	IRF1	LTR23_23	259	279	+	11.9677	1.84e-05	0.149	AACTGCTTTTTTTTTTTTTTT
MA0083.3	SRF	LTR23_248	24	39	-	9.11475	1.89e-05	1	AGACTTTATATGGGCC
MA0517.1	STAT1::STAT2	LTR23_86	1	15	-	12.3636	1.89e-05	0.229	TATGTTTCTTTTCTC
MA0065.2	Pparg::Rxra	LTR23_248	16	30	-	12.6847	1.89e-05	0.444	ATGGGCCAAAGTTGA
MA0524.2	TFAP2C	LTR23_44	108	119	-	12.9184	1.9e-05	0.0479	TGCCGCCAGGCA
MA0065.2	Pparg::Rxra	LTR23_157	222	236	-	12.6757	1.91e-05	0.444	TTAAGCCAAAGGTGA
MA0809.2	TEAD4	LTR23_669	174	185	-	13.2018	1.91e-05	0.0712	CCAAATTCCAGG
MA0050.2	IRF1	LTR23_791	227	247	+	11.871	1.93e-05	0.149	CTCTTCTTTTTTTTTCCTTTA
MA0867.2	SOX4	LTR23_333	199	208	+	13.0192	1.94e-05	0.342	GAACAAAGCA
MA0867.2	SOX4	LTR23_764	199	208	+	13.0192	1.94e-05	0.342	GAACAAAGCA
MA0065.2	Pparg::Rxra	LTR23_51	7	21	-	12.6396	1.96e-05	0.444	TTGGGGCAAGGTTGA
MA0065.2	Pparg::Rxra	LTR23_559	17	31	-	12.6306	1.97e-05	0.444	CTGGGCCAAGGTTGA
MA0039.4	KLF4	LTR23_590	117	128	+	12.4727	1.97e-05	0.137	CCCACCACCCCC
MA0065.2	Pparg::Rxra	LTR23_401	184	198	-	12.6216	1.98e-05	0.444	CTGAGGCAAAGTTTA
MA0050.2	IRF1	LTR23_497	95	115	+	11.7903	2e-05	0.149	CCTCAGTTTTTTTTTCTCTAG
MA0050.2	IRF1	LTR23_619	156	176	+	11.7903	2e-05	0.149	CCCTTCTTTCCCTTTCAAGCC
MA0039.4	KLF4	LTR23_650	24	35	+	12.4455	2.01e-05	0.137	CCCCTCACCCCC
MA0039.4	KLF4	LTR23_85	88	99	+	12.4455	2.01e-05	0.137	CCCCTCACCCCC
MA0039.4	KLF4	LTR23_106	102	113	+	12.4455	2.01e-05	0.137	CCCCTCACCCCC
MA0050.2	IRF1	LTR23_20	143	163	-	11.7742	2.02e-05	0.149	TTTTCTTTTCTTTTTTTTTTT
MA0050.2	IRF1	LTR23_693	383	403	+	11.7742	2.02e-05	0.149	CCTCAGTTTTTTTTTTTCCTT
MA1535.1	NR2C1	LTR23_253	114	122	+	12.0385	2.03e-05	1	TGGGGTCAC
MA0050.2	IRF1	LTR23_21	197	217	+	11.7097	2.08e-05	0.15	TTTTCTTTTTATTTTCTTTTC
MA0039.4	KLF4	LTR23_94	94	105	+	12.4	2.08e-05	0.139	TTCCACACCCAC
MA0065.2	Pparg::Rxra	LTR23_38	24	38	+	12.5315	2.11e-05	0.444	TTGTGACAAAGGCCA
MA0039.4	KLF4	LTR23_252	90	101	+	12.3636	2.15e-05	0.139	CTCCACACCCAT
MA0867.2	SOX4	LTR23_829	263	272	-	12.7692	2.17e-05	0.342	TAACAAAGGA
MA0867.2	SOX4	LTR23_769	263	272	-	12.7692	2.17e-05	0.342	TAACAAAGGA
MA0157.2	FOXO3	LTR23_36	70	77	-	14.3636	2.18e-05	0.0501	GTAAACAA
MA0157.2	FOXO3	LTR23_722	117	124	-	14.3636	2.18e-05	0.0501	GTAAACAA
MA0157.2	FOXO3	LTR23_650	150	157	-	14.3636	2.18e-05	0.0501	GTAAACAA
MA0157.2	FOXO3	LTR23_336	267	274	-	14.3636	2.18e-05	0.0501	GTAAACAA
MA0037.3	GATA3	LTR23_53	1	8	+	11.8525	2.18e-05	0.796	AGATAAGA
MA0037.3	GATA3	LTR23_403	68	75	+	11.8525	2.18e-05	0.796	AGATAAGA
MA0037.3	GATA3	LTR23_369	217	224	-	11.8525	2.18e-05	0.796	AGATAAGA
MA0037.3	GATA3	LTR23_563	437	444	-	11.8525	2.18e-05	0.796	AGATAAGA
MA0157.2	FOXO3	LTR23_124	5	12	+	14.3636	2.18e-05	0.0501	GTAAACAA
MA0157.2	FOXO3	LTR23_230	5	12	+	14.3636	2.18e-05	0.0501	GTAAACAA
MA0157.2	FOXO3	LTR23_551	8	15	+	14.3636	2.18e-05	0.0501	GTAAACAA
MA0157.2	FOXO3	LTR23_159	8	15	+	14.3636	2.18e-05	0.0501	GTAAACAA
MA0157.2	FOXO3	LTR23_184	10	17	+	14.3636	2.18e-05	0.0501	GTAAACAA
MA0157.2	FOXO3	LTR23_249	15	22	+	14.3636	2.18e-05	0.0501	GTAAACAA
MA0157.2	FOXO3	LTR23_383	18	25	+	14.3636	2.18e-05	0.0501	GTAAACAA
MA0157.2	FOXO3	LTR23_377	19	26	+	14.3636	2.18e-05	0.0501	GTAAACAA
MA0157.2	FOXO3	LTR23_750	19	26	+	14.3636	2.18e-05	0.0501	GTAAACAA
MA0157.2	FOXO3	LTR23_139	22	29	+	14.3636	2.18e-05	0.0501	GTAAACAA
MA0157.2	FOXO3	LTR23_637	24	31	+	14.3636	2.18e-05	0.0501	GTAAACAA
MA0157.2	FOXO3	LTR23_517	27	34	+	14.3636	2.18e-05	0.0501	GTAAACAA
MA0157.2	FOXO3	LTR23_342	28	35	+	14.3636	2.18e-05	0.0501	GTAAACAA
MA0157.2	FOXO3	LTR23_460	28	35	+	14.3636	2.18e-05	0.0501	GTAAACAA
MA0157.2	FOXO3	LTR23_806	28	35	+	14.3636	2.18e-05	0.0501	GTAAACAA
MA0157.2	FOXO3	LTR23_295	30	37	+	14.3636	2.18e-05	0.0501	GTAAACAA
MA0157.2	FOXO3	LTR23_451	30	37	+	14.3636	2.18e-05	0.0501	GTAAACAA
MA0157.2	FOXO3	LTR23_609	31	38	+	14.3636	2.18e-05	0.0501	GTAAACAA
MA0157.2	FOXO3	LTR23_760	31	38	+	14.3636	2.18e-05	0.0501	GTAAACAA
MA0157.2	FOXO3	LTR23_243	32	39	+	14.3636	2.18e-05	0.0501	GTAAACAA
MA0157.2	FOXO3	LTR23_7	33	40	+	14.3636	2.18e-05	0.0501	GTAAACAA
MA0157.2	FOXO3	LTR23_254	35	42	+	14.3636	2.18e-05	0.0501	GTAAACAA
MA0157.2	FOXO3	LTR23_270	36	43	+	14.3636	2.18e-05	0.0501	GTAAACAA
MA0157.2	FOXO3	LTR23_805	37	44	+	14.3636	2.18e-05	0.0501	GTAAACAA
MA0157.2	FOXO3	LTR23_245	44	51	+	14.3636	2.18e-05	0.0501	GTAAACAA
MA0157.2	FOXO3	LTR23_789	47	54	+	14.3636	2.18e-05	0.0501	GTAAACAA
MA0157.2	FOXO3	LTR23_55	49	56	+	14.3636	2.18e-05	0.0501	GTAAACAA
MA0157.2	FOXO3	LTR23_96	65	72	+	14.3636	2.18e-05	0.0501	GTAAACAA
MA0157.2	FOXO3	LTR23_835	69	76	+	14.3636	2.18e-05	0.0501	GTAAACAA
MA0157.2	FOXO3	LTR23_29	69	76	+	14.3636	2.18e-05	0.0501	GTAAACAA
MA0157.2	FOXO3	LTR23_778	77	84	+	14.3636	2.18e-05	0.0501	GTAAACAA
MA0157.2	FOXO3	LTR23_157	88	95	+	14.3636	2.18e-05	0.0501	GTAAACAA
MA0157.2	FOXO3	LTR23_814	88	95	+	14.3636	2.18e-05	0.0501	GTAAACAA
MA0157.2	FOXO3	LTR23_662	96	103	+	14.3636	2.18e-05	0.0501	GTAAACAA
MA0157.2	FOXO3	LTR23_226	98	105	+	14.3636	2.18e-05	0.0501	GTAAACAA
MA0157.2	FOXO3	LTR23_603	98	105	+	14.3636	2.18e-05	0.0501	GTAAACAA
MA0157.2	FOXO3	LTR23_664	101	108	+	14.3636	2.18e-05	0.0501	GTAAACAA
MA0157.2	FOXO3	LTR23_255	102	109	+	14.3636	2.18e-05	0.0501	GTAAACAA
MA0157.2	FOXO3	LTR23_46	106	113	+	14.3636	2.18e-05	0.0501	GTAAACAA
MA0157.2	FOXO3	LTR23_812	110	117	+	14.3636	2.18e-05	0.0501	GTAAACAA
MA0157.2	FOXO3	LTR23_588	117	124	+	14.3636	2.18e-05	0.0501	GTAAACAA
MA0157.2	FOXO3	LTR23_642	123	130	+	14.3636	2.18e-05	0.0501	GTAAACAA
MA0157.2	FOXO3	LTR23_800	123	130	+	14.3636	2.18e-05	0.0501	GTAAACAA
MA0157.2	FOXO3	LTR23_142	133	140	+	14.3636	2.18e-05	0.0501	GTAAACAA
MA0157.2	FOXO3	LTR23_619	136	143	+	14.3636	2.18e-05	0.0501	GTAAACAA
MA0157.2	FOXO3	LTR23_394	141	148	+	14.3636	2.18e-05	0.0501	GTAAACAA
MA0157.2	FOXO3	LTR23_732	142	149	+	14.3636	2.18e-05	0.0501	GTAAACAA
MA0157.2	FOXO3	LTR23_211	146	153	+	14.3636	2.18e-05	0.0501	GTAAACAA
MA0157.2	FOXO3	LTR23_498	150	157	+	14.3636	2.18e-05	0.0501	GTAAACAA
MA0157.2	FOXO3	LTR23_646	151	158	+	14.3636	2.18e-05	0.0501	GTAAACAA
MA0157.2	FOXO3	LTR23_504	158	165	+	14.3636	2.18e-05	0.0501	GTAAACAA
MA0157.2	FOXO3	LTR23_103	203	210	+	14.3636	2.18e-05	0.0501	GTAAACAA
MA0157.2	FOXO3	LTR23_632	221	228	+	14.3636	2.18e-05	0.0501	GTAAACAA
MA0157.2	FOXO3	LTR23_419	221	228	+	14.3636	2.18e-05	0.0501	GTAAACAA
MA0157.2	FOXO3	LTR23_336	222	229	+	14.3636	2.18e-05	0.0501	GTAAACAA
MA0157.2	FOXO3	LTR23_428	223	230	+	14.3636	2.18e-05	0.0501	GTAAACAA
MA0157.2	FOXO3	LTR23_501	223	230	+	14.3636	2.18e-05	0.0501	GTAAACAA
MA0157.2	FOXO3	LTR23_239	224	231	+	14.3636	2.18e-05	0.0501	GTAAACAA
MA0157.2	FOXO3	LTR23_738	224	231	+	14.3636	2.18e-05	0.0501	GTAAACAA
MA0157.2	FOXO3	LTR23_99	225	232	+	14.3636	2.18e-05	0.0501	GTAAACAA
MA0157.2	FOXO3	LTR23_839	225	232	+	14.3636	2.18e-05	0.0501	GTAAACAA
MA0157.2	FOXO3	LTR23_693	228	235	+	14.3636	2.18e-05	0.0501	GTAAACAA
MA0157.2	FOXO3	LTR23_684	229	236	+	14.3636	2.18e-05	0.0501	GTAAACAA
MA0157.2	FOXO3	LTR23_565	230	237	+	14.3636	2.18e-05	0.0501	GTAAACAA
MA0157.2	FOXO3	LTR23_28	233	240	+	14.3636	2.18e-05	0.0501	GTAAACAA
MA0157.2	FOXO3	LTR23_827	234	241	+	14.3636	2.18e-05	0.0501	GTAAACAA
MA0157.2	FOXO3	LTR23_276	234	241	+	14.3636	2.18e-05	0.0501	GTAAACAA
MA0157.2	FOXO3	LTR23_628	234	241	+	14.3636	2.18e-05	0.0501	GTAAACAA
MA0157.2	FOXO3	LTR23_829	234	241	+	14.3636	2.18e-05	0.0501	GTAAACAA
MA0157.2	FOXO3	LTR23_769	234	241	+	14.3636	2.18e-05	0.0501	GTAAACAA
MA0157.2	FOXO3	LTR23_217	234	241	+	14.3636	2.18e-05	0.0501	GTAAACAA
MA0157.2	FOXO3	LTR23_825	234	241	+	14.3636	2.18e-05	0.0501	GTAAACAA
MA0157.2	FOXO3	LTR23_823	234	241	+	14.3636	2.18e-05	0.0501	GTAAACAA
MA0157.2	FOXO3	LTR23_506	235	242	+	14.3636	2.18e-05	0.0501	GTAAACAA
MA0157.2	FOXO3	LTR23_332	236	243	+	14.3636	2.18e-05	0.0501	GTAAACAA
MA0157.2	FOXO3	LTR23_149	236	243	+	14.3636	2.18e-05	0.0501	GTAAACAA
MA0157.2	FOXO3	LTR23_48	236	243	+	14.3636	2.18e-05	0.0501	GTAAACAA
MA0157.2	FOXO3	LTR23_133	237	244	+	14.3636	2.18e-05	0.0501	GTAAACAA
MA0157.2	FOXO3	LTR23_568	239	246	+	14.3636	2.18e-05	0.0501	GTAAACAA
MA0157.2	FOXO3	LTR23_844	240	247	+	14.3636	2.18e-05	0.0501	GTAAACAA
MA0157.2	FOXO3	LTR23_102	240	247	+	14.3636	2.18e-05	0.0501	GTAAACAA
MA0157.2	FOXO3	LTR23_190	240	247	+	14.3636	2.18e-05	0.0501	GTAAACAA
MA0157.2	FOXO3	LTR23_400	240	247	+	14.3636	2.18e-05	0.0501	GTAAACAA
MA0157.2	FOXO3	LTR23_340	240	247	+	14.3636	2.18e-05	0.0501	GTAAACAA
MA0157.2	FOXO3	LTR23_721	242	249	+	14.3636	2.18e-05	0.0501	GTAAACAA
MA0157.2	FOXO3	LTR23_688	242	249	+	14.3636	2.18e-05	0.0501	GTAAACAA
MA0157.2	FOXO3	LTR23_233	242	249	+	14.3636	2.18e-05	0.0501	GTAAACAA
MA0157.2	FOXO3	LTR23_390	242	249	+	14.3636	2.18e-05	0.0501	GTAAACAA
MA0157.2	FOXO3	LTR23_172	242	249	+	14.3636	2.18e-05	0.0501	GTAAACAA
MA0157.2	FOXO3	LTR23_583	243	250	+	14.3636	2.18e-05	0.0501	GTAAACAA
MA0157.2	FOXO3	LTR23_515	243	250	+	14.3636	2.18e-05	0.0501	GTAAACAA
MA0157.2	FOXO3	LTR23_838	243	250	+	14.3636	2.18e-05	0.0501	GTAAACAA
MA0157.2	FOXO3	LTR23_683	244	251	+	14.3636	2.18e-05	0.0501	GTAAACAA
MA0157.2	FOXO3	LTR23_537	244	251	+	14.3636	2.18e-05	0.0501	GTAAACAA
MA0157.2	FOXO3	LTR23_33	244	251	+	14.3636	2.18e-05	0.0501	GTAAACAA
MA0157.2	FOXO3	LTR23_875	245	252	+	14.3636	2.18e-05	0.0501	GTAAACAA
MA0157.2	FOXO3	LTR23_369	245	252	+	14.3636	2.18e-05	0.0501	GTAAACAA
MA0157.2	FOXO3	LTR23_23	245	252	+	14.3636	2.18e-05	0.0501	GTAAACAA
MA0157.2	FOXO3	LTR23_314	246	253	+	14.3636	2.18e-05	0.0501	GTAAACAA
MA0157.2	FOXO3	LTR23_113	246	253	+	14.3636	2.18e-05	0.0501	GTAAACAA
MA0157.2	FOXO3	LTR23_387	246	253	+	14.3636	2.18e-05	0.0501	GTAAACAA
MA0157.2	FOXO3	LTR23_44	247	254	+	14.3636	2.18e-05	0.0501	GTAAACAA
MA0157.2	FOXO3	LTR23_187	247	254	+	14.3636	2.18e-05	0.0501	GTAAACAA
MA0157.2	FOXO3	LTR23_877	248	255	+	14.3636	2.18e-05	0.0501	GTAAACAA
MA0157.2	FOXO3	LTR23_871	248	255	+	14.3636	2.18e-05	0.0501	GTAAACAA
MA0157.2	FOXO3	LTR23_57	249	256	+	14.3636	2.18e-05	0.0501	GTAAACAA
MA0157.2	FOXO3	LTR23_240	249	256	+	14.3636	2.18e-05	0.0501	GTAAACAA
MA0157.2	FOXO3	LTR23_869	250	257	+	14.3636	2.18e-05	0.0501	GTAAACAA
MA0157.2	FOXO3	LTR23_435	250	257	+	14.3636	2.18e-05	0.0501	GTAAACAA
MA0157.2	FOXO3	LTR23_816	250	257	+	14.3636	2.18e-05	0.0501	GTAAACAA
MA0157.2	FOXO3	LTR23_125	251	258	+	14.3636	2.18e-05	0.0501	GTAAACAA
MA0157.2	FOXO3	LTR23_530	251	258	+	14.3636	2.18e-05	0.0501	GTAAACAA
MA0157.2	FOXO3	LTR23_222	252	259	+	14.3636	2.18e-05	0.0501	GTAAACAA
MA0157.2	FOXO3	LTR23_333	253	260	+	14.3636	2.18e-05	0.0501	GTAAACAA
MA0157.2	FOXO3	LTR23_764	253	260	+	14.3636	2.18e-05	0.0501	GTAAACAA
MA0157.2	FOXO3	LTR23_598	254	261	+	14.3636	2.18e-05	0.0501	GTAAACAA
MA0157.2	FOXO3	LTR23_192	254	261	+	14.3636	2.18e-05	0.0501	GTAAACAA
MA0157.2	FOXO3	LTR23_284	255	262	+	14.3636	2.18e-05	0.0501	GTAAACAA
MA0157.2	FOXO3	LTR23_624	256	263	+	14.3636	2.18e-05	0.0501	GTAAACAA
MA0157.2	FOXO3	LTR23_604	257	264	+	14.3636	2.18e-05	0.0501	GTAAACAA
MA0157.2	FOXO3	LTR23_31	258	265	+	14.3636	2.18e-05	0.0501	GTAAACAA
MA0157.2	FOXO3	LTR23_160	260	267	+	14.3636	2.18e-05	0.0501	GTAAACAA
MA0157.2	FOXO3	LTR23_675	261	268	+	14.3636	2.18e-05	0.0501	GTAAACAA
MA0157.2	FOXO3	LTR23_76	263	270	+	14.3636	2.18e-05	0.0501	GTAAACAA
MA0157.2	FOXO3	LTR23_728	265	272	+	14.3636	2.18e-05	0.0501	GTAAACAA
MA0157.2	FOXO3	LTR23_155	266	273	+	14.3636	2.18e-05	0.0501	GTAAACAA
MA0157.2	FOXO3	LTR23_507	266	273	+	14.3636	2.18e-05	0.0501	GTAAACAA
MA0157.2	FOXO3	LTR23_658	268	275	+	14.3636	2.18e-05	0.0501	GTAAACAA
MA0157.2	FOXO3	LTR23_526	270	277	+	14.3636	2.18e-05	0.0501	GTAAACAA
MA0157.2	FOXO3	LTR23_771	279	286	+	14.3636	2.18e-05	0.0501	GTAAACAA
MA0157.2	FOXO3	LTR23_860	297	304	+	14.3636	2.18e-05	0.0501	GTAAACAA
MA0157.2	FOXO3	LTR23_252	301	308	+	14.3636	2.18e-05	0.0501	GTAAACAA
MA0157.2	FOXO3	LTR23_112	312	319	+	14.3636	2.18e-05	0.0501	GTAAACAA
MA0524.2	TFAP2C	LTR23_247	132	143	-	12.7347	2.18e-05	0.0547	GCCCCCAGGGCA
MA1135.1	FOSB::JUNB	LTR23_753	11	20	+	13.3548	2.19e-05	1	TGTGAGTCAT
MA1135.1	FOSB::JUNB	LTR23_8	36	45	+	13.3548	2.19e-05	1	TGTGAGTCAT
MA0809.2	TEAD4	LTR23_596	164	175	-	12.8807	2.2e-05	0.0712	TCAAATTCCAGG
MA0809.2	TEAD4	LTR23_25	179	190	-	12.8807	2.2e-05	0.0712	TCAAATTCCAGG
MA0039.4	KLF4	LTR23_714	81	92	+	12.3182	2.21e-05	0.139	ATCTCCACCCCC
MA0039.4	KLF4	LTR23_152	120	131	+	12.3182	2.21e-05	0.139	CACCACACCCAT
MA0050.2	IRF1	LTR23_337	251	271	+	11.5484	2.24e-05	0.158	ACTGACTCTTTCTTTCCCTTT
MA0867.2	SOX4	LTR23_402	20	29	+	12.75	2.28e-05	0.342	TAACAAAGGC
MA0867.2	SOX4	LTR23_612	21	30	+	12.75	2.28e-05	0.342	TAACAAAGGC
MA0867.2	SOX4	LTR23_101	21	30	+	12.75	2.28e-05	0.342	TAACAAAGGC
MA0867.2	SOX4	LTR23_73	30	39	+	12.75	2.28e-05	0.342	TAACAAAGGC
MA0867.2	SOX4	LTR23_146	32	41	+	12.75	2.28e-05	0.342	TAACAAAGGC
MA0867.2	SOX4	LTR23_563	384	393	+	12.75	2.28e-05	0.342	TAACAAAGGC
MA0809.2	TEAD4	LTR23_223	4	15	+	12.8073	2.28e-05	0.0712	GTACATTCCTGG
MA0039.4	KLF4	LTR23_850	83	94	+	12.2545	2.34e-05	0.14	TCCTCCACCCAC
MA0039.4	KLF4	LTR23_53	97	108	+	12.2545	2.34e-05	0.14	CTCCACACCCTT
MA0517.1	STAT1::STAT2	LTR23_817	137	151	+	11.9091	2.36e-05	0.229	TTTCTTTCCTTTCCT
MA0517.1	STAT1::STAT2	LTR23_361	137	151	+	11.9091	2.36e-05	0.229	TTTCTTTCCTTTCCT
MA0517.1	STAT1::STAT2	LTR23_818	137	151	+	11.9091	2.36e-05	0.229	TTTCTTTCCTTTCCT
MA0517.1	STAT1::STAT2	LTR23_236	137	151	+	11.9091	2.36e-05	0.229	TTTCTTTCCTTTCCT
MA0517.1	STAT1::STAT2	LTR23_235	138	152	+	11.9091	2.36e-05	0.229	TTTCTTTCCTTTCCT
MA0517.1	STAT1::STAT2	LTR23_112	141	155	+	11.9091	2.36e-05	0.229	TTTCTTTCCTTTCCT
MA0050.2	IRF1	LTR23_399	136	156	+	11.4032	2.39e-05	0.164	TTATTCTTTCTTTTCCTCTCT
MA0809.2	TEAD4	LTR23_534	16	27	-	12.6789	2.41e-05	0.0712	ACAAATTCCAGG
MA0809.2	TEAD4	LTR23_481	20	31	-	12.6789	2.41e-05	0.0712	ACAAATTCCAGG
MA0809.2	TEAD4	LTR23_467	22	33	-	12.6789	2.41e-05	0.0712	ACAAATTCCAGG
MA0809.2	TEAD4	LTR23_232	22	33	-	12.6789	2.41e-05	0.0712	ACAAATTCCAGG
MA0809.2	TEAD4	LTR23_157	22	33	-	12.6789	2.41e-05	0.0712	ACAAATTCCAGG
MA0809.2	TEAD4	LTR23_603	22	33	-	12.6789	2.41e-05	0.0712	ACAAATTCCAGG
MA0809.2	TEAD4	LTR23_613	23	34	-	12.6789	2.41e-05	0.0712	ACAAATTCCAGG
MA0809.2	TEAD4	LTR23_610	23	34	-	12.6789	2.41e-05	0.0712	ACAAATTCCAGG
MA0809.2	TEAD4	LTR23_226	24	35	-	12.6789	2.41e-05	0.0712	ACAAATTCCAGG
MA0809.2	TEAD4	LTR23_373	26	37	-	12.6789	2.41e-05	0.0712	ACAAATTCCAGG
MA0809.2	TEAD4	LTR23_294	35	46	-	12.6789	2.41e-05	0.0712	ACAAATTCCAGG
MA0809.2	TEAD4	LTR23_215	37	48	-	12.6789	2.41e-05	0.0712	ACAAATTCCAGG
MA0809.2	TEAD4	LTR23_485	42	53	-	12.6789	2.41e-05	0.0712	ACAAATTCCAGG
MA0809.2	TEAD4	LTR23_594	64	75	-	12.6789	2.41e-05	0.0712	ACAAATTCCAGG
MA0809.2	TEAD4	LTR23_35	69	80	-	12.6789	2.41e-05	0.0712	ACAAATTCCAGG
MA0809.2	TEAD4	LTR23_732	71	82	-	12.6789	2.41e-05	0.0712	ACAAATTCCAGG
MA0809.2	TEAD4	LTR23_498	79	90	-	12.6789	2.41e-05	0.0712	ACAAATTCCAGG
MA0809.2	TEAD4	LTR23_504	86	97	-	12.6789	2.41e-05	0.0712	ACAAATTCCAGG
MA0809.2	TEAD4	LTR23_72	98	109	-	12.6789	2.41e-05	0.0712	ACAAATTCCAGG
MA0809.2	TEAD4	LTR23_473	111	122	-	12.6789	2.41e-05	0.0712	ACAAATTCCAGG
MA0809.2	TEAD4	LTR23_746	140	151	-	12.6789	2.41e-05	0.0712	ACAAATTCCAGG
MA0809.2	TEAD4	LTR23_514	150	161	-	12.6789	2.41e-05	0.0712	ACAAATTCCAGG
MA0809.2	TEAD4	LTR23_738	154	165	-	12.6789	2.41e-05	0.0712	ACAAATTCCAGG
MA0809.2	TEAD4	LTR23_500	156	167	-	12.6789	2.41e-05	0.0712	ACAAATTCCAGG
MA0809.2	TEAD4	LTR23_281	157	168	-	12.6789	2.41e-05	0.0712	ACAAATTCCAGG
MA0809.2	TEAD4	LTR23_208	157	168	-	12.6789	2.41e-05	0.0712	ACAAATTCCAGG
MA0809.2	TEAD4	LTR23_606	158	169	-	12.6789	2.41e-05	0.0712	ACAAATTCCAGG
MA0809.2	TEAD4	LTR23_326	159	170	-	12.6789	2.41e-05	0.0712	ACAAATTCCAGG
MA0809.2	TEAD4	LTR23_221	163	174	-	12.6789	2.41e-05	0.0712	ACAAATTCCAGG
MA0809.2	TEAD4	LTR23_62	164	175	-	12.6789	2.41e-05	0.0712	ACAAATTCCAGG
MA0809.2	TEAD4	LTR23_203	165	176	-	12.6789	2.41e-05	0.0712	ACAAATTCCAGG
MA0809.2	TEAD4	LTR23_122	165	176	-	12.6789	2.41e-05	0.0712	ACAAATTCCAGG
MA0809.2	TEAD4	LTR23_340	169	180	-	12.6789	2.41e-05	0.0712	ACAAATTCCAGG
MA0809.2	TEAD4	LTR23_381	170	181	-	12.6789	2.41e-05	0.0712	ACAAATTCCAGG
MA0809.2	TEAD4	LTR23_127	171	182	-	12.6789	2.41e-05	0.0712	ACAAATTCCAGG
MA0809.2	TEAD4	LTR23_379	171	182	-	12.6789	2.41e-05	0.0712	ACAAATTCCAGG
MA0809.2	TEAD4	LTR23_165	171	182	-	12.6789	2.41e-05	0.0712	ACAAATTCCAGG
MA0809.2	TEAD4	LTR23_831	172	183	-	12.6789	2.41e-05	0.0712	ACAAATTCCAGG
MA0809.2	TEAD4	LTR23_683	172	183	-	12.6789	2.41e-05	0.0712	ACAAATTCCAGG
MA0809.2	TEAD4	LTR23_721	173	184	-	12.6789	2.41e-05	0.0712	ACAAATTCCAGG
MA0809.2	TEAD4	LTR23_390	174	185	-	12.6789	2.41e-05	0.0712	ACAAATTCCAGG
MA0809.2	TEAD4	LTR23_33	174	185	-	12.6789	2.41e-05	0.0712	ACAAATTCCAGG
MA0809.2	TEAD4	LTR23_217	174	185	-	12.6789	2.41e-05	0.0712	ACAAATTCCAGG
MA0809.2	TEAD4	LTR23_261	174	185	-	12.6789	2.41e-05	0.0712	ACAAATTCCAGG
MA0809.2	TEAD4	LTR23_113	175	186	-	12.6789	2.41e-05	0.0712	ACAAATTCCAGG
MA0809.2	TEAD4	LTR23_403	175	186	-	12.6789	2.41e-05	0.0712	ACAAATTCCAGG
MA0809.2	TEAD4	LTR23_1	175	186	-	12.6789	2.41e-05	0.0712	ACAAATTCCAGG
MA0809.2	TEAD4	LTR23_179	176	187	-	12.6789	2.41e-05	0.0712	ACAAATTCCAGG
MA0809.2	TEAD4	LTR23_57	178	189	-	12.6789	2.41e-05	0.0712	ACAAATTCCAGG
MA0809.2	TEAD4	LTR23_877	178	189	-	12.6789	2.41e-05	0.0712	ACAAATTCCAGG
MA0809.2	TEAD4	LTR23_871	178	189	-	12.6789	2.41e-05	0.0712	ACAAATTCCAGG
MA0809.2	TEAD4	LTR23_408	178	189	-	12.6789	2.41e-05	0.0712	ACAAATTCCAGG
MA0809.2	TEAD4	LTR23_435	179	190	-	12.6789	2.41e-05	0.0712	ACAAATTCCAGG
MA0809.2	TEAD4	LTR23_764	179	190	-	12.6789	2.41e-05	0.0712	ACAAATTCCAGG
MA0809.2	TEAD4	LTR23_660	179	190	-	12.6789	2.41e-05	0.0712	ACAAATTCCAGG
MA0809.2	TEAD4	LTR23_392	179	190	-	12.6789	2.41e-05	0.0712	ACAAATTCCAGG
MA0809.2	TEAD4	LTR23_333	179	190	-	12.6789	2.41e-05	0.0712	ACAAATTCCAGG
MA0809.2	TEAD4	LTR23_300	179	190	-	12.6789	2.41e-05	0.0712	ACAAATTCCAGG
MA0809.2	TEAD4	LTR23_79	180	191	-	12.6789	2.41e-05	0.0712	ACAAATTCCAGG
MA0809.2	TEAD4	LTR23_222	181	192	-	12.6789	2.41e-05	0.0712	ACAAATTCCAGG
MA0809.2	TEAD4	LTR23_349	183	194	-	12.6789	2.41e-05	0.0712	ACAAATTCCAGG
MA0809.2	TEAD4	LTR23_858	183	194	-	12.6789	2.41e-05	0.0712	ACAAATTCCAGG
MA0809.2	TEAD4	LTR23_85	183	194	-	12.6789	2.41e-05	0.0712	ACAAATTCCAGG
MA0809.2	TEAD4	LTR23_530	184	195	-	12.6789	2.41e-05	0.0712	ACAAATTCCAGG
MA0809.2	TEAD4	LTR23_667	184	195	-	12.6789	2.41e-05	0.0712	ACAAATTCCAGG
MA0809.2	TEAD4	LTR23_521	184	195	-	12.6789	2.41e-05	0.0712	ACAAATTCCAGG
MA0809.2	TEAD4	LTR23_510	185	196	-	12.6789	2.41e-05	0.0712	ACAAATTCCAGG
MA0809.2	TEAD4	LTR23_604	186	197	-	12.6789	2.41e-05	0.0712	ACAAATTCCAGG
MA0809.2	TEAD4	LTR23_409	187	198	-	12.6789	2.41e-05	0.0712	ACAAATTCCAGG
MA0809.2	TEAD4	LTR23_234	189	200	-	12.6789	2.41e-05	0.0712	ACAAATTCCAGG
MA0809.2	TEAD4	LTR23_741	190	201	-	12.6789	2.41e-05	0.0712	ACAAATTCCAGG
MA0809.2	TEAD4	LTR23_582	190	201	-	12.6789	2.41e-05	0.0712	ACAAATTCCAGG
MA0809.2	TEAD4	LTR23_550	207	218	-	12.6789	2.41e-05	0.0712	ACAAATTCCAGG
MA0809.2	TEAD4	LTR23_374	236	247	-	12.6789	2.41e-05	0.0712	ACAAATTCCAGG
MA0809.2	TEAD4	LTR23_655	257	268	-	12.6789	2.41e-05	0.0712	ACAAATTCCAGG
MA0065.2	Pparg::Rxra	LTR23_694	102	116	-	12.3514	2.41e-05	0.444	GTAGGGGAGAGGGTT
MA0524.2	TFAP2C	LTR23_23	110	121	-	12.6224	2.42e-05	0.0597	TGCCCCAGGGAA
MA0517.1	STAT1::STAT2	LTR23_657	93	107	+	11.8485	2.43e-05	0.229	TTGGTTTTTTTTTTC
MA0039.4	KLF4	LTR23_850	87	98	+	12.2091	2.43e-05	0.14	CCACCCACCCAC
MA0039.4	KLF4	LTR23_389	97	108	+	12.2091	2.43e-05	0.14	CGCCACACCCGT
MA0809.2	TEAD4	LTR23_856	172	183	-	12.6422	2.43e-05	0.0712	GCAAATTCCAGG
MA0809.2	TEAD4	LTR23_432	172	183	-	12.6422	2.43e-05	0.0712	GCAAATTCCAGG
MA0809.2	TEAD4	LTR23_194	238	249	-	12.6422	2.43e-05	0.0712	GCAAATTCCAGG
MA0809.2	TEAD4	LTR23_701	250	261	-	12.6422	2.43e-05	0.0712	GCAAATTCCAGG
MA0039.4	KLF4	LTR23_510	102	113	+	12.1909	2.46e-05	0.14	TCCCCCTCCCAC
MA0809.2	TEAD4	LTR23_758	181	192	+	12.5963	2.48e-05	0.0712	TCACATTCCTAG
MA0039.4	KLF4	LTR23_386	112	123	-	12.1818	2.48e-05	0.14	TTCTCCACCCCC
MA0517.1	STAT1::STAT2	LTR23_155	3	17	-	11.803	2.48e-05	0.229	CTAGTTTTCTTTTCT
MA0517.1	STAT1::STAT2	LTR23_273	71	85	+	11.803	2.48e-05	0.229	TTTGTTTTTTTTTCC
MA0517.1	STAT1::STAT2	LTR23_730	132	146	+	11.803	2.48e-05	0.229	TGCCTTTCTTTTTCC
MA0524.2	TFAP2C	LTR23_771	69	80	-	12.5816	2.49e-05	0.0597	TGCCCCCAGGTA
MA0524.2	TFAP2C	LTR23_665	69	80	-	12.5816	2.49e-05	0.0597	TGCCCCCAGGTA
MA0524.2	TFAP2C	LTR23_632	87	98	-	12.5816	2.49e-05	0.0597	TGCCCCCAGGTA
MA0524.2	TFAP2C	LTR23_622	97	108	-	12.5816	2.49e-05	0.0597	TGCCCCCAGGTA
MA0524.2	TFAP2C	LTR23_530	117	128	-	12.5816	2.49e-05	0.0597	TGCCCCCAGGTA
MA0050.2	IRF1	LTR23_142	274	294	+	11.3065	2.5e-05	0.165	TTACATTTTCAGTTTTTCCCC
MA0050.2	IRF1	LTR23_296	291	311	+	11.2903	2.52e-05	0.165	AGGAACTCTCTCTTTTCCTTT
MA0524.2	TFAP2C	LTR23_643	108	119	-	12.5714	2.53e-05	0.06	TGCCTTTGGGCA
MA0039.4	KLF4	LTR23_841	85	96	+	12.1545	2.53e-05	0.14	TCCCACACCCCA
MA0517.1	STAT1::STAT2	LTR23_767	3	17	-	11.7576	2.54e-05	0.229	ACAGTTTTTCTTTCT
MA0517.1	STAT1::STAT2	LTR23_572	3	17	-	11.7576	2.54e-05	0.229	ACAGTTTTTCTTTCT
MA0809.2	TEAD4	LTR23_537	137	148	+	12.5321	2.56e-05	0.0712	TTACATTCCTGA
MA0809.2	TEAD4	LTR23_255	36	47	-	12.5229	2.57e-05	0.0712	ACAAATTCCAGC
MA0809.2	TEAD4	LTR23_553	167	178	-	12.5229	2.57e-05	0.0712	ACAAATTCCAGC
MA0524.2	TFAP2C	LTR23_256	121	132	-	12.5204	2.59e-05	0.061	TGCCCCAGGCCT
MA0809.2	TEAD4	LTR23_565	177	188	-	12.4862	2.59e-05	0.0712	GCAAATTCCAGC
MA0517.1	STAT1::STAT2	LTR23_409	270	284	+	11.6818	2.64e-05	0.229	AAGGTTTTTTTTTCC
MA0039.4	KLF4	LTR23_106	95	106	+	12.1	2.66e-05	0.145	CACTCCACCCCT
MA0809.2	TEAD4	LTR23_492	28	39	-	12.422	2.67e-05	0.0712	CCACATTCCTCA
MA0050.2	IRF1	LTR23_736	36	56	+	11.1613	2.67e-05	0.169	CTCTACATTCTTTTTTTTTTT
MA0517.1	STAT1::STAT2	LTR23_542	35	49	+	11.6515	2.68e-05	0.229	TCAGTTTCTTCTTTT
MA0517.1	STAT1::STAT2	LTR23_195	76	90	+	11.6515	2.68e-05	0.229	TCAGTTTCTTCTTTT
MA0517.1	STAT1::STAT2	LTR23_727	112	126	+	11.6515	2.68e-05	0.229	TCAGTTTCTTCTTTT
MA0517.1	STAT1::STAT2	LTR23_20	277	291	+	11.6515	2.68e-05	0.229	TCAGTTTCTTCTTTT
MA0867.2	SOX4	LTR23_254	55	64	-	12.5962	2.72e-05	0.357	AAACAAAGAG
MA0867.2	SOX4	LTR23_682	206	215	-	12.5962	2.72e-05	0.357	AAACAAAGAG
MA0867.2	SOX4	LTR23_816	270	279	-	12.5962	2.72e-05	0.357	AAACAAAGAG
MA0050.2	IRF1	LTR23_298	178	198	+	11.1129	2.73e-05	0.169	TTTTTCTTTCTTTTCTTCCTT
MA0050.2	IRF1	LTR23_370	280	300	+	11.0968	2.75e-05	0.169	TGCCTCTTTTTTTTTTTTTTT
MA0065.2	Pparg::Rxra	LTR23_150	101	115	+	12.1622	2.76e-05	0.444	CCATGCCAAGGGGCA
MA0146.2	Zfx	LTR23_268	97	110	+	12.6212	2.77e-05	0.75	CACCCCCAGGCCTA
MA0524.2	TFAP2C	LTR23_251	111	122	-	12.4388	2.79e-05	0.0653	CACCCCCAGGCA
MA0039.4	KLF4	LTR23_298	111	122	+	12.0182	2.8e-05	0.149	CCCACCACCCAC
MA0517.1	STAT1::STAT2	LTR23_635	192	206	+	11.5455	2.82e-05	0.229	TCAGTTTCCTCTTTT
MA0039.4	KLF4	LTR23_75	315	326	+	12	2.83e-05	0.149	CCCCCCACACCC
MA0867.2	SOX4	LTR23_324	382	391	-	12.5769	2.83e-05	0.357	AAACAATGGG
MA0146.2	Zfx	LTR23_268	103	116	-	12.5758	2.83e-05	0.75	TACCCCTAGGCCTG
MA0039.4	KLF4	LTR23_744	131	142	+	11.9818	2.87e-05	0.149	CGCCTCACCCAG
MA0809.2	TEAD4	LTR23_863	157	168	-	12.2936	2.87e-05	0.0712	CAAAATTCCAGG
MA0517.1	STAT1::STAT2	LTR23_555	237	251	-	11.5	2.88e-05	0.229	TAAGTTTTTGTTTTT
MA0524.2	TFAP2C	LTR23_866	106	117	-	12.3878	2.89e-05	0.0666	TGCCCCTGGGCT
MA0524.2	TFAP2C	LTR23_387	108	119	-	12.3878	2.89e-05	0.0666	TGCCCCTGGGCT
MA0050.2	IRF1	LTR23_200	399	419	+	10.9839	2.89e-05	0.169	ATTTTGTCTCAGTTTTTGTCC
MA0517.1	STAT1::STAT2	LTR23_667	3	17	-	11.4848	2.9e-05	0.229	CTACTTTTGTTTTCT
MA0050.2	IRF1	LTR23_692	65	85	-	10.9677	2.91e-05	0.169	CTTAAGTTTCATATTCATGTC
MA0524.2	TFAP2C	LTR23_256	121	132	+	12.3776	2.92e-05	0.0669	AGGCCTGGGGCA
MA0050.2	IRF1	LTR23_298	172	192	+	10.9516	2.93e-05	0.169	AGGCATTTTTTCTTTCTTTTC
MA0524.2	TFAP2C	LTR23_354	106	117	+	12.3571	2.97e-05	0.0671	TGCCTGTGGGCA
MA0524.2	TFAP2C	LTR23_590	131	142	+	12.3571	2.97e-05	0.0671	TGCCTGTGGGCA
MA0809.2	TEAD4	LTR23_685	201	212	+	12.211	2.98e-05	0.0712	AAACATTCCTGA
MA0065.2	Pparg::Rxra	LTR23_458	94	108	-	12.0541	2.98e-05	0.444	TGGGTGCAGAGGGCA
MA0517.1	STAT1::STAT2	LTR23_32	2	16	-	11.4091	3.01e-05	0.229	TGAGTTCCTTTTTTC
MA0039.4	KLF4	LTR23_173	152	163	+	11.9182	3.02e-05	0.15	GCCTCCACCCAT
MA0809.2	TEAD4	LTR23_814	17	28	-	12.1651	3.05e-05	0.0712	ACAAATTCCAGA
MA0809.2	TEAD4	LTR23_804	21	32	-	12.1651	3.05e-05	0.0712	ACAAATTCCAGA
MA0809.2	TEAD4	LTR23_653	23	34	-	12.1651	3.05e-05	0.0712	ACAAATTCCAGA
MA0809.2	TEAD4	LTR23_318	49	60	-	12.1651	3.05e-05	0.0712	ACAAATTCCAGA
MA0809.2	TEAD4	LTR23_53	158	169	-	12.1651	3.05e-05	0.0712	ACAAATTCCAGA
MA0809.2	TEAD4	LTR23_586	170	181	-	12.1651	3.05e-05	0.0712	ACAAATTCCAGA
MA0809.2	TEAD4	LTR23_866	173	184	-	12.1651	3.05e-05	0.0712	ACAAATTCCAGA
MA0809.2	TEAD4	LTR23_875	174	185	-	12.1651	3.05e-05	0.0712	ACAAATTCCAGA
MA0809.2	TEAD4	LTR23_547	178	189	-	12.1651	3.05e-05	0.0712	ACAAATTCCAGA
MA0809.2	TEAD4	LTR23_518	178	189	-	12.1651	3.05e-05	0.0712	ACAAATTCCAGA
MA0809.2	TEAD4	LTR23_549	179	190	-	12.1651	3.05e-05	0.0712	ACAAATTCCAGA
MA0809.2	TEAD4	LTR23_490	182	193	-	12.1651	3.05e-05	0.0712	ACAAATTCCAGA
MA0809.2	TEAD4	LTR23_624	185	196	-	12.1651	3.05e-05	0.0712	ACAAATTCCAGA
MA0809.2	TEAD4	LTR23_296	212	223	-	12.1651	3.05e-05	0.0712	ACAAATTCCAGA
MA0809.2	TEAD4	LTR23_563	244	255	-	12.1651	3.05e-05	0.0712	ACAAATTCCAGA
MA0039.4	KLF4	LTR23_408	93	104	+	11.9091	3.05e-05	0.15	ACCTCCACCCCT
MA1135.1	FOSB::JUNB	LTR23_809	57	66	-	12.8548	3.05e-05	1	GCTGACTCAT
MA0050.2	IRF1	LTR23_273	63	83	+	10.8548	3.06e-05	0.173	TTTTGTTTTTTGTTTTTTTTT
MA0517.1	STAT1::STAT2	LTR23_319	62	76	-	11.3636	3.07e-05	0.229	ACACTTTCATCTCCC
MA0517.1	STAT1::STAT2	LTR23_254	201	215	+	11.3636	3.07e-05	0.229	CAAGTTGCAGTTTCC
MA0039.4	KLF4	LTR23_18	91	102	+	11.9	3.08e-05	0.15	ACCCCCACCTCC
MA0039.4	KLF4	LTR23_611	93	104	+	11.9	3.08e-05	0.15	ACACCCACCCCC
MA0105.4	NFKB1	LTR23_693	87	99	-	5.19231	3.11e-05	1	CGGGGAATGACCG
MA0039.4	KLF4	LTR23_18	97	108	+	11.8727	3.14e-05	0.151	ACCTCCACCCTG
MA0146.2	Zfx	LTR23_711	109	122	-	12.3788	3.16e-05	0.75	TGCCCCTGGGCCTA
MA0050.2	IRF1	LTR23_796	8	28	+	10.7742	3.17e-05	0.175	TCTTTGTTTCCTTTTGCCTTT
MA0809.2	TEAD4	LTR23_288	12	23	-	12.1009	3.18e-05	0.0712	TCACATTCCTCA
MA0809.2	TEAD4	LTR23_772	22	33	-	12.1009	3.18e-05	0.0712	TCACATTCCTCA
MA0809.2	TEAD4	LTR23_666	22	33	-	12.1009	3.18e-05	0.0712	TCACATTCCTCA
MA0809.2	TEAD4	LTR23_616	22	33	-	12.1009	3.18e-05	0.0712	TCACATTCCTCA
MA0809.2	TEAD4	LTR23_386	24	35	-	12.1009	3.18e-05	0.0712	TCACATTCCTCA
MA0809.2	TEAD4	LTR23_361	25	36	-	12.1009	3.18e-05	0.0712	TCACATTCCTCA
MA0809.2	TEAD4	LTR23_417	26	37	-	12.1009	3.18e-05	0.0712	TCACATTCCTCA
MA0809.2	TEAD4	LTR23_722	26	37	-	12.1009	3.18e-05	0.0712	TCACATTCCTCA
MA0809.2	TEAD4	LTR23_705	29	40	-	12.1009	3.18e-05	0.0712	TCACATTCCTCA
MA0809.2	TEAD4	LTR23_719	30	41	-	12.1009	3.18e-05	0.0712	TCACATTCCTCA
MA0809.2	TEAD4	LTR23_225	33	44	-	12.1009	3.18e-05	0.0712	TCACATTCCTCA
MA0146.2	Zfx	LTR23_156	49	62	-	12.3636	3.19e-05	0.75	GCTGTCTGGGCCTG
MA0809.2	TEAD4	LTR23_103	137	148	-	12.0917	3.21e-05	0.0712	TTAAATTCCAGG
MA0809.2	TEAD4	LTR23_607	173	184	-	12.0917	3.21e-05	0.0712	TTAAATTCCAGG
MA0809.2	TEAD4	LTR23_860	28	39	-	12.0826	3.22e-05	0.0712	TCACATTCCTAA
MA0524.2	TFAP2C	LTR23_771	69	80	+	12.2347	3.25e-05	0.071	TACCTGGGGGCA
MA0524.2	TFAP2C	LTR23_665	69	80	+	12.2347	3.25e-05	0.071	TACCTGGGGGCA
MA0524.2	TFAP2C	LTR23_632	87	98	+	12.2347	3.25e-05	0.071	TACCTGGGGGCA
MA0524.2	TFAP2C	LTR23_622	97	108	+	12.2347	3.25e-05	0.071	TACCTGGGGGCA
MA0524.2	TFAP2C	LTR23_530	117	128	+	12.2347	3.25e-05	0.071	TACCTGGGGGCA
MA0039.4	KLF4	LTR23_261	102	113	+	11.8364	3.25e-05	0.154	ACCCACACCCAA
MA0050.2	IRF1	LTR23_778	12	32	-	10.7097	3.26e-05	0.175	GTTGACTTTTCTTTTTAATTT
MA0050.2	IRF1	LTR23_21	190	210	+	10.6935	3.29e-05	0.175	GTTTGTTTTTTCTTTTTATTT
MA0065.2	Pparg::Rxra	LTR23_682	224	238	-	11.8829	3.36e-05	0.444	GAAGAACAAAGGGGA
MA0083.3	SRF	LTR23_364	186	201	+	7.39344	3.36e-05	1	AAACAATATATGGCCA
MA0039.4	KLF4	LTR23_102	90	101	+	11.7909	3.38e-05	0.156	CTCCCCTCCCCA
MA0050.2	IRF1	LTR23_20	144	164	-	10.629	3.38e-05	0.175	ATTTTCTTTTCTTTTTTTTTT
MA0517.1	STAT1::STAT2	LTR23_510	2	16	-	11.1515	3.39e-05	0.239	TGAGTTTTCTTTTTT
MA0809.2	TEAD4	LTR23_22	28	39	-	11.9725	3.41e-05	0.0732	TCACATTCCTTA
MA0809.2	TEAD4	LTR23_713	29	40	-	11.9725	3.41e-05	0.0732	TCACATTCCTTA
MA0809.2	TEAD4	LTR23_240	177	188	-	11.9725	3.41e-05	0.0732	TAAAATTCCAGG
MA1135.1	FOSB::JUNB	LTR23_18	27	36	-	12.7097	3.48e-05	1	CATGACTCAG
MA1135.1	FOSB::JUNB	LTR23_582	88	97	+	12.7097	3.48e-05	1	CATGACTCAG
MA0039.4	KLF4	LTR23_466	104	115	+	11.7455	3.5e-05	0.156	CACCCCTCCCCA
MA1535.1	NR2C1	LTR23_374	209	217	-	11.9231	3.51e-05	1	GGAGGTCAC
MA0050.2	IRF1	LTR23_657	91	111	+	10.5161	3.55e-05	0.175	CCTTGGTTTTTTTTTTCTTTA
MA0517.1	STAT1::STAT2	LTR23_499	1	15	-	11.0455	3.55e-05	0.239	TCACTTTTCTTTCTC
MA0517.1	STAT1::STAT2	LTR23_713	2	16	-	11.0455	3.55e-05	0.239	TCACTTTTCTTTCTC
MA0517.1	STAT1::STAT2	LTR23_776	5	19	-	11.0455	3.55e-05	0.239	TCACTTTTCTTTCTC
MA0517.1	STAT1::STAT2	LTR23_21	214	228	+	11.0152	3.6e-05	0.239	TTTCTTTCTCTTTTC
MA0050.2	IRF1	LTR23_21	179	199	+	10.4839	3.6e-05	0.175	CTGGAATTTCAGTTTGTTTTT
MA0809.2	TEAD4	LTR23_176	22	33	-	11.8899	3.6e-05	0.0732	AGAAATTCCAGG
MA0809.2	TEAD4	LTR23_81	23	34	-	11.8899	3.6e-05	0.0732	ACAAATTCCAGT
MA0809.2	TEAD4	LTR23_46	35	46	-	11.8899	3.6e-05	0.0732	ATAAATTCCAGG
MA0809.2	TEAD4	LTR23_686	62	73	-	11.8899	3.6e-05	0.0732	ATAAATTCCAGG
MA0809.2	TEAD4	LTR23_780	152	163	-	11.8899	3.6e-05	0.0732	ATAAATTCCAGG
MA0809.2	TEAD4	LTR23_632	154	165	-	11.8899	3.6e-05	0.0732	ATAAATTCCAGG
MA0809.2	TEAD4	LTR23_287	164	175	-	11.8899	3.6e-05	0.0732	ATAAATTCCAGG
MA0809.2	TEAD4	LTR23_706	168	179	-	11.8899	3.6e-05	0.0732	ATAAATTCCAGG
MA0809.2	TEAD4	LTR23_583	172	183	-	11.8899	3.6e-05	0.0732	ATAAATTCCAGG
MA0867.2	SOX4	LTR23_613	43	52	+	12.2692	3.61e-05	0.378	GAACAATGAA
MA0867.2	SOX4	LTR23_324	194	203	+	12.2692	3.61e-05	0.378	GAACAATGAA
MA0039.4	KLF4	LTR23_809	65	76	+	11.7	3.65e-05	0.156	GCCCCCACACCC
MA0039.4	KLF4	LTR23_234	115	126	+	11.7	3.65e-05	0.156	GCCCCCACACCC
MA0050.2	IRF1	LTR23_571	131	151	+	10.4355	3.68e-05	0.175	CTCTTCTTTCACTTTAAAAAC
MA0050.2	IRF1	LTR23_766	131	151	+	10.4355	3.68e-05	0.175	CTCTTCTTTCACTTTAAAAAC
MA0050.2	IRF1	LTR23_505	135	155	+	10.4355	3.68e-05	0.175	AACTGCTTCTTCTTTTTCTTT
MA0039.4	KLF4	LTR23_362	99	110	+	11.6909	3.68e-05	0.156	CTCTCCACCCAT
MA0146.2	Zfx	LTR23_711	55	68	-	12.0758	3.7e-05	0.75	TCTCCCTAGGCCTG
MA0050.2	IRF1	LTR23_484	68	88	+	10.4194	3.7e-05	0.175	AATTGCTTCTTCTTTCCTTTA
MA0065.2	Pparg::Rxra	LTR23_837	48	62	-	11.7387	3.7e-05	0.444	CTGAGGCAAAATTCA
MA0065.2	Pparg::Rxra	LTR23_533	157	171	-	11.7117	3.78e-05	0.444	ATGGGGGAAGGGGCT
MA0050.2	IRF1	LTR23_656	259	279	+	10.371	3.78e-05	0.176	TGCCTCTTCCTTTTTCCTTTA
MA0524.2	TFAP2C	LTR23_419	99	110	+	12.0204	3.79e-05	0.0821	TGGCTGGGGGCA
MA0524.2	TFAP2C	LTR23_568	101	112	+	12	3.86e-05	0.0825	TGCCCAGGGGCC
MA0524.2	TFAP2C	LTR23_44	108	119	+	12	3.86e-05	0.0825	TGCCTGGCGGCA
MA0524.2	TFAP2C	LTR23_711	111	122	+	11.9796	3.91e-05	0.0831	GGCCCAGGGGCA
MA0083.3	SRF	LTR23_429	78	93	-	6.91803	3.92e-05	1	GGGCCAAATTTGGGGA
MA0083.3	SRF	LTR23_431	409	424	-	6.91803	3.92e-05	1	GGGCCAAATTTGGGGA
MA0136.2	ELF5	LTR23_835	83	93	-	11.9636	3.95e-05	1	AAGAGGAAGTT
MA0136.2	ELF5	LTR23_1	260	270	-	11.9636	3.95e-05	1	AAGAGGAAGTT
MA0524.2	TFAP2C	LTR23_858	116	127	-	11.9694	3.95e-05	0.0834	TGCCCCAGAGCA
MA0809.2	TEAD4	LTR23_505	49	60	-	11.7706	3.96e-05	0.0732	AAAAATTCCAGG
MA0809.2	TEAD4	LTR23_142	62	73	-	11.7706	3.96e-05	0.0732	AAAAATTCCAGG
MA0809.2	TEAD4	LTR23_276	163	174	-	11.7706	3.96e-05	0.0732	AAAAATTCCAGG
MA0809.2	TEAD4	LTR23_458	168	179	-	11.7706	3.96e-05	0.0732	AAAAATTCCAGG
MA0867.2	SOX4	LTR23_796	7	16	-	12.2308	3.96e-05	0.378	AAACAAAGAA
MA0867.2	SOX4	LTR23_133	260	269	-	12.2308	3.96e-05	0.378	AAACAAAGAA
MA0867.2	SOX4	LTR23_688	186	195	+	12.2308	3.96e-05	0.378	AAACAAAGAA
MA0867.2	SOX4	LTR23_173	189	198	+	12.2308	3.96e-05	0.378	AAACAAAGAA
MA0867.2	SOX4	LTR23_222	194	203	+	12.2308	3.96e-05	0.378	AAACAAAGAA
MA0867.2	SOX4	LTR23_471	198	207	+	12.2308	3.96e-05	0.378	AAACAAAGAA
MA0037.3	GATA3	LTR23_119	38	45	-	11.7377	3.96e-05	0.796	AGATAAGG
MA0037.3	GATA3	LTR23_256	165	172	-	11.7377	3.96e-05	0.796	AGATAAGG
MA0809.2	TEAD4	LTR23_759	14	25	-	11.7615	3.98e-05	0.0732	ACAGATTCCAGG
MA0809.2	TEAD4	LTR23_591	45	56	-	11.7615	3.98e-05	0.0732	ACAGATTCCAGG
MA0809.2	TEAD4	LTR23_501	152	163	-	11.7615	3.98e-05	0.0732	ACAGATTCCAGG
MA0809.2	TEAD4	LTR23_86	177	188	-	11.7615	3.98e-05	0.0732	ACAGATTCCAGG
MA0809.2	TEAD4	LTR23_49	177	188	-	11.7615	3.98e-05	0.0732	ACAGATTCCAGG
MA0809.2	TEAD4	LTR23_251	178	189	-	11.7615	3.98e-05	0.0732	ACAGATTCCAGG
MA0809.2	TEAD4	LTR23_279	232	243	-	11.7615	3.98e-05	0.0732	ACAGATTCCAGG
MA0809.2	TEAD4	LTR23_819	233	244	-	11.7615	3.98e-05	0.0732	ACAGATTCCAGG
MA0809.2	TEAD4	LTR23_236	234	245	-	11.7615	3.98e-05	0.0732	ACAGATTCCAGG
MA0809.2	TEAD4	LTR23_817	234	245	-	11.7615	3.98e-05	0.0732	ACAGATTCCAGG
MA0809.2	TEAD4	LTR23_818	234	245	-	11.7615	3.98e-05	0.0732	ACAGATTCCAGG
MA0809.2	TEAD4	LTR23_235	235	246	-	11.7615	3.98e-05	0.0732	ACAGATTCCAGG
MA0039.4	KLF4	LTR23_842	63	74	+	11.5818	3.99e-05	0.156	CTCCCCAGCCCC
MA0039.4	KLF4	LTR23_204	66	77	+	11.5818	3.99e-05	0.156	CACCCCTCCCAT
MA0039.4	KLF4	LTR23_173	94	105	+	11.5818	3.99e-05	0.156	GGCCCAACCCCC
MA0050.2	IRF1	LTR23_287	249	269	+	10.2419	3.99e-05	0.177	AACTGCTTCTTCTTTTCCTTT
MA0050.2	IRF1	LTR23_607	250	270	+	10.2419	3.99e-05	0.177	AACTGCTTCTTCTTTTCCTTT
MA0050.2	IRF1	LTR23_41	282	302	+	10.2419	3.99e-05	0.177	AACTGCTTTTTCTTTTTTCCT
MA0525.2	TP63	LTR23_28	79	96	+	0.568966	4.01e-05	1	GTCATGTCCCCACACGCA
MA0809.2	TEAD4	LTR23_717	53	64	-	11.7339	4.04e-05	0.0737	GAAAATTCCAGG
MA0809.2	TEAD4	LTR23_370	192	203	-	11.7248	4.06e-05	0.0737	GCAGATTCCAGG
MA0524.2	TFAP2C	LTR23_850	2	13	-	11.9184	4.07e-05	0.0853	TGCCCTTGGGCT
MA0065.2	Pparg::Rxra	LTR23_308	101	115	-	11.6036	4.07e-05	0.444	CTGAGGCAAAGTTAA
MA0065.2	Pparg::Rxra	LTR23_795	110	124	-	11.6036	4.07e-05	0.444	CTGAGGCAAAGTTAA
MA0065.2	Pparg::Rxra	LTR23_76	397	411	-	11.6036	4.07e-05	0.444	CTGAGGCAAAGTTAA
MA0065.2	Pparg::Rxra	LTR23_763	436	450	-	11.6036	4.07e-05	0.444	CTGAGGCAAAGTTAA
MA0065.2	Pparg::Rxra	LTR23_822	436	450	-	11.6036	4.07e-05	0.444	CTGAGGCAAAGTTAA
MA0065.2	Pparg::Rxra	LTR23_65	436	450	-	11.6036	4.07e-05	0.444	CTGAGGCAAAGTTAA
MA0050.2	IRF1	LTR23_502	4	24	-	10.1935	4.08e-05	0.178	TGGTTGTTCTATTTTCCTTTT
MA0065.2	Pparg::Rxra	LTR23_711	108	122	+	11.5946	4.09e-05	0.444	CTAGGCCCAGGGGCA
MA0517.1	STAT1::STAT2	LTR23_298	349	363	+	10.7273	4.1e-05	0.266	CTGCTTTCTTTTTTT
MA0039.4	KLF4	LTR23_247	102	113	+	11.5455	4.12e-05	0.156	TCCCTCACCCCC
MA1135.1	FOSB::JUNB	LTR23_838	147	156	-	12.3871	4.15e-05	1	GGTGAGTCAG
MA1135.1	FOSB::JUNB	LTR23_526	173	182	-	12.3871	4.15e-05	1	GGTGAGTCAG
MA0039.4	KLF4	LTR23_456	62	73	-	11.5364	4.16e-05	0.156	GGCCCCACACTC
MA0136.2	ELF5	LTR23_18	265	275	-	11.9091	4.22e-05	1	AGGAGGAAGTT
MA0867.2	SOX4	LTR23_812	61	70	+	12.2115	4.23e-05	0.379	AAACAATGGA
MA0065.2	Pparg::Rxra	LTR23_162	94	108	-	11.5405	4.24e-05	0.444	TTGGGCCAAAATTCA
MA0524.2	TFAP2C	LTR23_214	1	12	+	11.8571	4.26e-05	0.0875	TACCCAGGGGCA
MA0524.2	TFAP2C	LTR23_122	100	111	-	11.8571	4.26e-05	0.0875	TACCTCCAGGCA
MA0524.2	TFAP2C	LTR23_549	113	124	+	11.8571	4.26e-05	0.0875	TACCCAGGGGCA
MA0809.2	TEAD4	LTR23_76	176	187	-	11.6422	4.28e-05	0.0773	TCAAATTCCAAG
MA0524.2	TFAP2C	LTR23_877	108	119	-	11.8367	4.32e-05	0.0876	CCCCCCTGGGCA
MA0524.2	TFAP2C	LTR23_871	108	119	-	11.8367	4.32e-05	0.0876	CCCCCCTGGGCA
MA0039.4	KLF4	LTR23_656	149	160	+	11.4909	4.32e-05	0.156	TGCCTCACCCAC
MA0039.4	KLF4	LTR23_8	157	168	+	11.4909	4.32e-05	0.156	TGCCTCACCCAC
MA0525.2	TP63	LTR23_625	283	300	-	0.224138	4.33e-05	1	AGCAAGCAGTTACAAGTG
MA0517.1	STAT1::STAT2	LTR23_120	109	123	+	10.6061	4.33e-05	0.266	TTTGTTTCAGCTTCT
MA0867.2	SOX4	LTR23_526	117	126	-	12.1923	4.34e-05	0.379	AAACAATGGC
MA0157.2	FOXO3	LTR23_261	119	126	-	13.803	4.35e-05	0.0966	GTAAACAT
MA0157.2	FOXO3	LTR23_476	68	75	+	13.803	4.35e-05	0.0966	GTAAACAT
MA0157.2	FOXO3	LTR23_622	234	241	+	13.803	4.35e-05	0.0966	GTAAACAT
MA0157.2	FOXO3	LTR23_490	255	262	+	13.803	4.35e-05	0.0966	GTAAACAT
MA0157.2	FOXO3	LTR23_399	280	287	+	13.803	4.35e-05	0.0966	GTAAACAT
MA0146.2	Zfx	LTR23_661	57	70	-	11.7424	4.38e-05	0.75	TCTTCCTGGGCCTG
MA0517.1	STAT1::STAT2	LTR23_784	390	404	+	10.5758	4.39e-05	0.266	AAACTTTCTATTTTT
MA0039.4	KLF4	LTR23_222	103	114	+	11.4636	4.4e-05	0.156	TTCCACACCCAT
MA0039.4	KLF4	LTR23_784	193	204	+	11.4636	4.4e-05	0.156	TTCCACACCCAT
MA0039.4	KLF4	LTR23_253	192	203	+	11.4545	4.42e-05	0.156	CGCCTCACCCAT
MA0050.2	IRF1	LTR23_679	71	91	+	10	4.43e-05	0.185	AATTTGTCTCAGTTTCTTCCC
MA0146.2	Zfx	LTR23_663	47	60	-	11.7121	4.45e-05	0.75	TCTCCCTGGGCCTG
MA0146.2	Zfx	LTR23_875	47	60	-	11.7121	4.45e-05	0.75	TCTCCCTGGGCCTG
MA0146.2	Zfx	LTR23_326	49	62	-	11.7121	4.45e-05	0.75	TCTCCCTGGGCCTG
MA0146.2	Zfx	LTR23_160	55	68	-	11.7121	4.45e-05	0.75	TCTCCCTGGGCCTG
MA0146.2	Zfx	LTR23_374	56	69	-	11.7121	4.45e-05	0.75	TCTCCCTGGGCCTG
MA0867.2	SOX4	LTR23_352	64	73	+	12.1538	4.45e-05	0.379	GGACAAAGAA
MA0867.2	SOX4	LTR23_351	173	182	+	12.1538	4.45e-05	0.379	GGACAAAGAA
MA0050.2	IRF1	LTR23_550	143	163	+	9.98387	4.46e-05	0.185	TTTTCCTTTTTTTTTCTTCCC
MA0039.4	KLF4	LTR23_701	100	111	+	11.4455	4.46e-05	0.156	ACACCCACCCAC
MA0083.3	SRF	LTR23_363	380	395	-	6.5082	4.47e-05	1	AGACTTTATTTGGGCA
MA1535.1	NR2C1	LTR23_650	20	28	-	11.7885	4.5e-05	1	AGGGGTCAT
MA1535.1	NR2C1	LTR23_491	109	117	+	11.7885	4.5e-05	1	AGGGGTCAT
MA0136.2	ELF5	LTR23_486	55	65	-	11.8364	4.5e-05	1	TACCGGAAGTC
MA0039.4	KLF4	LTR23_390	96	107	+	11.4364	4.51e-05	0.156	CCCCCCACACTC
MA0517.1	STAT1::STAT2	LTR23_65	317	331	+	10.5152	4.52e-05	0.266	GAACTTCCCTTTTCC
MA0517.1	STAT1::STAT2	LTR23_822	317	331	+	10.5152	4.52e-05	0.266	GAACTTCCCTTTTCC
MA0517.1	STAT1::STAT2	LTR23_763	317	331	+	10.5152	4.52e-05	0.266	GAACTTCCCTTTTCC
MA0809.2	TEAD4	LTR23_21	178	189	-	11.578	4.52e-05	0.0811	TGAAATTCCAGA
MA0050.2	IRF1	LTR23_771	100	120	+	9.93548	4.55e-05	0.185	ATTTTTTTTCCCTTTCTTCTA
MA0039.4	KLF4	LTR23_337	89	100	+	11.4273	4.56e-05	0.156	CACCCCACACCC
MA0083.3	SRF	LTR23_196	108	123	-	6.44262	4.56e-05	1	TTCCCAGATACGGGTA
MA0065.2	Pparg::Rxra	LTR23_155	99	113	-	11.4234	4.6e-05	0.444	GTGGGGAAGAGGGGC
MA0050.2	IRF1	LTR23_8	1	21	-	9.90323	4.61e-05	0.185	CCGAGCTTTTTTTTTTTTTTT
MA0524.2	TFAP2C	LTR23_210	79	90	-	11.7551	4.61e-05	0.0909	TGCCTGAAGGCC
MA0524.2	TFAP2C	LTR23_708	102	113	-	11.7551	4.61e-05	0.0909	AACCCTGAGGCA
MA0524.2	TFAP2C	LTR23_8	114	125	-	11.7551	4.61e-05	0.0909	TGCCCCGGAGCA
MA0050.2	IRF1	LTR23_342	44	64	+	9.8871	4.64e-05	0.185	CTGCCTTTTCTTTTTTTTTTT
MA0050.2	IRF1	LTR23_268	254	274	+	9.8871	4.64e-05	0.185	ACTGCCTTTCCTTTTTTCCTT
MA0050.2	IRF1	LTR23_160	288	308	+	9.87097	4.67e-05	0.185	ATTTCTTTTTTCTTTCTTTCT
MA0050.2	IRF1	LTR23_508	109	129	+	9.83871	4.73e-05	0.185	AGTTTGTCTCAGTTTGTTTTT
MA0524.2	TFAP2C	LTR23_381	106	117	+	11.7041	4.75e-05	0.0909	TGCCCTGGGGTG
MA0524.2	TFAP2C	LTR23_379	107	118	+	11.7041	4.75e-05	0.0909	TGCCCTGGGGTG
MA0524.2	TFAP2C	LTR23_35	3	14	+	11.6939	4.79e-05	0.0909	TGCCTGGGGGTA
MA0524.2	TFAP2C	LTR23_713	90	101	+	11.6939	4.79e-05	0.0909	TGCCTGGGGGTA
MA0524.2	TFAP2C	LTR23_616	97	108	+	11.6939	4.79e-05	0.0909	TGCCTGGGGGTA
MA0524.2	TFAP2C	LTR23_776	108	119	+	11.6939	4.79e-05	0.0909	TGCCTGGGGGTA
MA0524.2	TFAP2C	LTR23_565	110	121	+	11.6939	4.79e-05	0.0909	TGCCTGGGGGTA
MA0524.2	TFAP2C	LTR23_647	115	126	+	11.6939	4.79e-05	0.0909	TGCCTGGGGGTA
MA0146.2	Zfx	LTR23_417	110	123	-	11.5455	4.81e-05	0.75	TTACCCTGGGCCTG
MA0039.4	KLF4	LTR23_145	11	22	+	11.3273	4.93e-05	0.156	AACCCCACCTCC
MA0039.4	KLF4	LTR23_543	94	105	+	11.3273	4.93e-05	0.156	CCTCCCACCCAT
MA0083.3	SRF	LTR23_163	4	19	+	6.19672	4.93e-05	1	TTCCCCTATAAAGCCA
MA0083.3	SRF	LTR23_429	78	93	+	6.19672	4.93e-05	1	TCCCCAAATTTGGCCC
MA0083.3	SRF	LTR23_431	409	424	+	6.19672	4.93e-05	1	TCCCCAAATTTGGCCC
MA0065.2	Pparg::Rxra	LTR23_599	34	48	-	11.3153	4.95e-05	0.444	TTGGGTCAAGGTTGA
MA0065.2	Pparg::Rxra	LTR23_722	400	414	-	11.3153	4.95e-05	0.444	TTGGGTCAAGGTTGA
MA0524.2	TFAP2C	LTR23_754	92	103	+	11.6429	4.96e-05	0.0931	TGGCCAGGGGCA
MA0524.2	TFAP2C	LTR23_526	93	104	-	11.6429	4.96e-05	0.0931	TGGCCAGGGGCA
MA0039.4	KLF4	LTR23_326	97	108	+	11.3182	4.97e-05	0.156	TCCTCCACCCAT
MA0050.2	IRF1	LTR23_160	283	303	+	9.70968	5e-05	0.192	TTCTTATTTCTTTTTTCTTTC
MA0809.2	TEAD4	LTR23_601	26	37	-	11.4404	5e-05	0.0857	ACAAATTCCAAG
MA0809.2	TEAD4	LTR23_538	132	143	-	11.4404	5e-05	0.0857	ACAAATTCCAAG
MA0809.2	TEAD4	LTR23_99	154	165	-	11.4404	5e-05	0.0857	ACAAATTCCAAG
MA0809.2	TEAD4	LTR23_69	163	174	-	11.4404	5e-05	0.0857	ACAAATTCCAAG
MA0809.2	TEAD4	LTR23_456	166	177	-	11.4404	5e-05	0.0857	ACAAATTCCAAG
MA0809.2	TEAD4	LTR23_135	176	187	-	11.4404	5e-05	0.0857	ACAAATTCCAAG
MA0809.2	TEAD4	LTR23_31	185	196	-	11.4404	5e-05	0.0857	ACAAATTCCAAG
MA0809.2	TEAD4	LTR23_507	191	202	-	11.4404	5e-05	0.0857	ACAAATTCCAAG
MA0524.2	TFAP2C	LTR23_253	126	137	+	11.6224	5.01e-05	0.0934	TGCCCAGCGGCA
MA1535.1	NR2C1	LTR23_694	82	90	-	11.7308	5.04e-05	1	GGGGGTCAT
MA1135.1	FOSB::JUNB	LTR23_526	172	181	+	11.9677	5.04e-05	1	GCTGACTCAC
MA0524.2	TFAP2C	LTR23_757	123	134	+	11.6122	5.05e-05	0.0937	TACCTGAAGGCA
MA0050.2	IRF1	LTR23_756	202	222	+	9.66129	5.1e-05	0.192	ATTGCCTCTCATTTTTTCTTA
MA0146.2	Zfx	LTR23_300	57	70	-	11.4242	5.1e-05	0.75	CCACTCTAGGCCTG
MA0517.1	STAT1::STAT2	LTR23_589	3	17	-	10.2424	5.11e-05	0.279	CTACTTTTTTTTTCT
MA0809.2	TEAD4	LTR23_444	99	110	-	11.3761	5.18e-05	0.0868	ATAAATTCCAGA
MA0809.2	TEAD4	LTR23_839	156	167	-	11.3761	5.18e-05	0.0868	ATAAATTCCAGA
MA0809.2	TEAD4	LTR23_537	178	189	-	11.3761	5.18e-05	0.0868	ATAAATTCCAGA
MA0809.2	TEAD4	LTR23_728	194	205	-	11.3761	5.18e-05	0.0868	AGAAATTCCAGA
MA0039.4	KLF4	LTR23_850	91	102	+	11.2727	5.18e-05	0.156	CCACCCACCCAT
MA0039.4	KLF4	LTR23_279	95	106	+	11.2727	5.18e-05	0.156	CGCCGCACCCAT
MA0039.4	KLF4	LTR23_819	96	107	+	11.2727	5.18e-05	0.156	CGCCGCACCCAT
MA0039.4	KLF4	LTR23_140	101	112	+	11.2727	5.18e-05	0.156	TACTCCACCCAG
MA0039.4	KLF4	LTR23_667	106	117	+	11.2727	5.18e-05	0.156	CCACCCACCCAT
MA0517.1	STAT1::STAT2	LTR23_557	1	15	-	10.2121	5.18e-05	0.279	TTACTTTTCTTTCTC
MA0083.3	SRF	LTR23_232	186	201	+	6.03279	5.2e-05	1	TCCCCAAACATGGCCT
MA0050.2	IRF1	LTR23_719	249	269	+	9.6129	5.2e-05	0.192	ACTGCCTTTTCCTTTCCTTTA
MA0050.2	IRF1	LTR23_532	267	287	+	9.6129	5.2e-05	0.192	AACTGCTTCTTTTTTCCTTTT
MA0039.4	KLF4	LTR23_667	102	113	+	11.2545	5.23e-05	0.156	ACCACCACCCAC
MA0146.2	Zfx	LTR23_372	21	34	-	11.3636	5.25e-05	0.75	CCTCCTTGGGCCTG
MA0146.2	Zfx	LTR23_785	57	70	-	11.3636	5.25e-05	0.75	CCTCCTTGGGCCTG
MA0050.2	IRF1	LTR23_253	154	174	+	9.58065	5.27e-05	0.192	TTGTTCTTTCTTTTCTCCCTT
MA0524.2	TFAP2C	LTR23_247	132	143	+	11.551	5.28e-05	0.0973	TGCCCTGGGGGC
MA0039.4	KLF4	LTR23_359	85	96	+	11.2364	5.33e-05	0.156	ACCCCCACACCC
MA0809.2	TEAD4	LTR23_664	22	33	-	11.3303	5.36e-05	0.0883	ACAAATTCCATG
MA0809.2	TEAD4	LTR23_771	200	211	-	11.3303	5.36e-05	0.0883	ACAAATTCCATG
MA0517.1	STAT1::STAT2	LTR23_62	2	16	-	10.1364	5.36e-05	0.279	CTACTTTTCTTTTCT
MA0517.1	STAT1::STAT2	LTR23_75	2	16	-	10.1364	5.36e-05	0.279	CTACTTTTCTTTTCT
MA0039.4	KLF4	LTR23_858	101	112	+	11.2273	5.38e-05	0.156	ACCCTCACCCAC
MA0524.2	TFAP2C	LTR23_194	105	116	+	11.5306	5.39e-05	0.0988	TGCCCTTGGGGA
MA0517.1	STAT1::STAT2	LTR23_796	10	24	+	10.1212	5.39e-05	0.279	TTTGTTTCCTTTTGC
MA0517.1	STAT1::STAT2	LTR23_435	2	16	-	10.1212	5.39e-05	0.279	GTGGTTTTGCTTTTC
MA0809.2	TEAD4	LTR23_654	24	35	-	11.3119	5.41e-05	0.0883	TTACATTCCTCA
MA0809.2	TEAD4	LTR23_577	28	39	-	11.3119	5.41e-05	0.0883	TTACATTCCTCA
MA0809.2	TEAD4	LTR23_563	28	39	-	11.3119	5.41e-05	0.0883	TGACATTCCTCA
MA0105.4	NFKB1	LTR23_42	98	110	-	3.13462	5.41e-05	1	AGGGGGTGCCCTT
MA0517.1	STAT1::STAT2	LTR23_604	298	312	+	10.1061	5.43e-05	0.279	CCACTTTCGACTTCT
MA0146.2	Zfx	LTR23_262	1	14	+	11.2879	5.43e-05	0.75	GCAACTTGGGCCTA
MA0524.2	TFAP2C	LTR23_210	79	90	+	11.5102	5.45e-05	0.0993	GGCCTTCAGGCA
MA0517.1	STAT1::STAT2	LTR23_578	10	24	+	10.0909	5.46e-05	0.279	TTACCTTCTTTTTCC
MA0039.4	KLF4	LTR23_363	94	105	+	11.2	5.51e-05	0.156	CTCCCCACCTCT
MA0050.2	IRF1	LTR23_688	62	82	-	9.46774	5.52e-05	0.196	CCATACTTTCATTTCTGTGTG
MA0050.2	IRF1	LTR23_21	196	216	+	9.46774	5.52e-05	0.196	TTTTTCTTTTTATTTTCTTTT
MA0050.2	IRF1	LTR23_647	273	293	+	9.43548	5.59e-05	0.196	CTCTTCTTTTCCTTTCAAAAT
MA0065.2	Pparg::Rxra	LTR23_367	90	104	-	11.1261	5.61e-05	0.444	CTGGGGCAAAATTAA
MA0065.2	Pparg::Rxra	LTR23_857	392	406	-	11.1261	5.61e-05	0.444	CTGGGGCAAAATTAA
MA0065.2	Pparg::Rxra	LTR23_873	392	406	-	11.1261	5.61e-05	0.444	CTGGGGCAAAATTAA
MA0065.2	Pparg::Rxra	LTR23_860	432	446	-	11.1261	5.61e-05	0.444	CTGGGGCAAAATTAA
MA0065.2	Pparg::Rxra	LTR23_431	445	459	-	11.1261	5.61e-05	0.444	CTGGGGCAAAATTAA
MA0809.2	TEAD4	LTR23_622	163	174	-	11.2477	5.63e-05	0.0914	ACAGATTCCAGA
MA0050.2	IRF1	LTR23_603	120	140	+	9.41935	5.63e-05	0.196	TCTCCCTTCTTTTTTCTTTTT
MA0524.2	TFAP2C	LTR23_27	49	60	+	11.449	5.65e-05	0.102	AGCCCAGGGGGA
MA0065.2	Pparg::Rxra	LTR23_164	95	109	-	11.1171	5.65e-05	0.444	CGGGGGCAGGGGCAA
MA0867.2	SOX4	LTR23_576	45	54	+	11.9808	5.72e-05	0.423	GAACAATGCA
MA0867.2	SOX4	LTR23_619	85	94	+	11.9808	5.72e-05	0.423	GAACAATGCA
MA0867.2	SOX4	LTR23_282	202	211	+	11.9808	5.72e-05	0.423	GAACAATGCA
MA0867.2	SOX4	LTR23_640	205	214	+	11.9808	5.72e-05	0.423	GAACAATGCA
MA0867.2	SOX4	LTR23_370	212	221	+	11.9808	5.72e-05	0.423	GAACAATGCA
MA0524.2	TFAP2C	LTR23_711	111	122	-	11.4286	5.72e-05	0.103	TGCCCCTGGGCC
MA0039.4	KLF4	LTR23_247	177	188	+	11.1545	5.74e-05	0.156	GGCCTCACCCAT
MA0517.1	STAT1::STAT2	LTR23_279	1	15	-	9.9697	5.76e-05	0.279	CCACTTTTGTTTCTC
MA0517.1	STAT1::STAT2	LTR23_819	2	16	-	9.9697	5.76e-05	0.279	CCACTTTTGTTTCTC
MA0829.2	SREBF1(var.2)	LTR23_504	280	293	-	10.8374	5.77e-05	1	AGTTCACCTGAGCC
MA0524.2	TFAP2C	LTR23_568	101	112	-	11.4082	5.8e-05	0.104	GGCCCCTGGGCA
MA0517.1	STAT1::STAT2	LTR23_688	66	80	-	9.95455	5.8e-05	0.279	ATACTTTCATTTCTG
MA0867.2	SOX4	LTR23_268	188	197	+	11.9615	5.81e-05	0.423	GAACAATGCC
MA0050.2	IRF1	LTR23_284	275	295	+	9.33871	5.82e-05	0.2	CTCCTCTTTCCCTTTAAATAT
MA1135.1	FOSB::JUNB	LTR23_374	11	20	+	11.8065	5.82e-05	1	AATGACTCAG
MA0809.2	TEAD4	LTR23_765	74	85	+	11.1927	5.82e-05	0.0936	TAACATTCCTCA
MA0809.2	TEAD4	LTR23_570	74	85	+	11.1927	5.82e-05	0.0936	TAACATTCCTCA
MA0517.1	STAT1::STAT2	LTR23_400	257	271	+	9.93939	5.84e-05	0.279	TACCTTTCCTTTCCT
MA1135.1	FOSB::JUNB	LTR23_809	56	65	+	11.7581	5.91e-05	1	CATGAGTCAG
MA0039.4	KLF4	LTR23_647	100	111	+	11.1182	5.92e-05	0.156	CCCCCCACCAAC
MA0525.2	TP63	LTR23_563	203	220	+	-1.27586	5.94e-05	1	TGCAAGTTGCACCATGTG
MA0517.1	STAT1::STAT2	LTR23_374	296	310	+	9.89394	5.95e-05	0.279	GCCCTTTCTTTTTCT
MA0065.2	Pparg::Rxra	LTR23_346	8	22	+	11.036	5.96e-05	0.444	TTGTAGCAGAGGCCA
MA0065.2	Pparg::Rxra	LTR23_347	8	22	+	11.036	5.96e-05	0.444	TTGTAGCAGAGGCCA
MA0039.4	KLF4	LTR23_156	87	98	+	11.1	5.99e-05	0.156	TCCCCCACACCC
MA0039.4	KLF4	LTR23_582	118	129	+	11.1	5.99e-05	0.156	TCCCCCACACCC
MA0065.2	Pparg::Rxra	LTR23_362	93	107	-	11.027	5.99e-05	0.444	GGTGGAGAGAGGCCA
MA1135.1	FOSB::JUNB	LTR23_42	252	261	-	11.6774	6.02e-05	1	GGTGATTCAT
MA0065.2	Pparg::Rxra	LTR23_421	5	19	-	11.018	6.03e-05	0.444	TTGGGCCAAGGTTGA
MA0065.2	Pparg::Rxra	LTR23_630	16	30	-	11.018	6.03e-05	0.444	TTGGGCCAAGGTTGA
MA0065.2	Pparg::Rxra	LTR23_277	20	34	-	11.018	6.03e-05	0.444	TTGGGCCAAGGTTGA
MA0065.2	Pparg::Rxra	LTR23_751	69	83	-	11.018	6.03e-05	0.444	TTGGGCCAAGGTTGA
MA0065.2	Pparg::Rxra	LTR23_308	72	86	-	11.018	6.03e-05	0.444	TTGGGCCAAGGTTGA
MA0050.2	IRF1	LTR23_322	60	80	-	9.24194	6.05e-05	0.201	ATATTCTTTTATTTTCCAAAT
MA0524.2	TFAP2C	LTR23_102	102	113	-	11.3469	6.06e-05	0.104	TGCCCCCAGGAA
MA0146.2	Zfx	LTR23_456	62	75	+	11.0455	6.06e-05	0.75	GAGTGTGGGGCCTC
MA0867.2	SOX4	LTR23_239	109	118	-	11.9423	6.06e-05	0.423	GAACAAAAGG
MA0039.4	KLF4	LTR23_57	154	165	+	11.0818	6.07e-05	0.156	TGCCTCACCCAG
MA0050.2	IRF1	LTR23_439	387	407	+	9.22581	6.09e-05	0.201	CTCAGCTTTTTTTTTCTTCTA
MA0050.2	IRF1	LTR23_424	387	407	+	9.22581	6.09e-05	0.201	CTCAGCTTTTTTTTTCTTCTA
MA0517.1	STAT1::STAT2	LTR23_692	69	83	-	9.83333	6.1e-05	0.279	TAAGTTTCATATTCA
MA0517.1	STAT1::STAT2	LTR23_81	140	154	+	9.83333	6.1e-05	0.279	ACACTTTTTTTTCCT
MA0039.4	KLF4	LTR23_400	79	90	+	11.0636	6.13e-05	0.156	CTCCCCACTCCC
MA0050.2	IRF1	LTR23_150	132	152	+	9.20968	6.13e-05	0.201	TTTTTCTTTCTTTTCTTCCCT
MA0037.3	GATA3	LTR23_81	8	15	-	11.1803	6.14e-05	0.796	AGATAACA
MA0037.3	GATA3	LTR23_270	28	35	-	11.1803	6.14e-05	0.796	AGATAACA
MA0037.3	GATA3	LTR23_591	30	37	-	11.1803	6.14e-05	0.796	AGATAACA
MA0037.3	GATA3	LTR23_476	45	52	-	11.1803	6.14e-05	0.796	AGATAACA
MA0037.3	GATA3	LTR23_843	61	68	+	11.1803	6.14e-05	0.796	AGATAACA
MA0037.3	GATA3	LTR23_716	120	127	+	11.1803	6.14e-05	0.796	AGATAACA
MA0037.3	GATA3	LTR23_753	130	137	-	11.1803	6.14e-05	0.796	AGATAACA
MA0037.3	GATA3	LTR23_239	145	152	-	11.1803	6.14e-05	0.796	AGATAACA
MA0037.3	GATA3	LTR23_693	152	159	-	11.1803	6.14e-05	0.796	AGATAACA
MA0037.3	GATA3	LTR23_546	154	161	-	11.1803	6.14e-05	0.796	AGATAACA
MA0037.3	GATA3	LTR23_256	172	179	-	11.1803	6.14e-05	0.796	AGATAACA
MA0037.3	GATA3	LTR23_675	176	183	-	11.1803	6.14e-05	0.796	AGATAACA
MA0037.3	GATA3	LTR23_419	198	205	-	11.1803	6.14e-05	0.796	AGATAACA
MA0037.3	GATA3	LTR23_326	207	214	-	11.1803	6.14e-05	0.796	AGATAACA
MA0037.3	GATA3	LTR23_470	233	240	-	11.1803	6.14e-05	0.796	AGATAACA
MA0037.3	GATA3	LTR23_399	257	264	-	11.1803	6.14e-05	0.796	AGATAACA
MA0157.2	FOXO3	LTR23_839	354	361	-	11.5	6.14e-05	0.125	GTAAACAG
MA0157.2	FOXO3	LTR23_168	1	8	+	11.5	6.14e-05	0.125	GTAAACAG
MA0157.2	FOXO3	LTR23_639	24	31	+	11.5	6.14e-05	0.125	GTAAACAG
MA0157.2	FOXO3	LTR23_864	29	36	+	11.5	6.14e-05	0.125	GTAAACAG
MA0157.2	FOXO3	LTR23_20	71	78	+	11.5	6.14e-05	0.125	GTAAACAG
MA0157.2	FOXO3	LTR23_601	96	103	+	11.5	6.14e-05	0.125	GTAAACAG
MA0157.2	FOXO3	LTR23_686	133	140	+	11.5	6.14e-05	0.125	GTAAACAG
MA0157.2	FOXO3	LTR23_573	228	235	+	11.5	6.14e-05	0.125	GTAAACAG
MA0157.2	FOXO3	LTR23_768	228	235	+	11.5	6.14e-05	0.125	GTAAACAG
MA0157.2	FOXO3	LTR23_221	229	236	+	11.5	6.14e-05	0.125	GTAAACAG
MA0157.2	FOXO3	LTR23_268	239	246	+	11.5	6.14e-05	0.125	GTAAACAG
MA0157.2	FOXO3	LTR23_12	244	251	+	11.5	6.14e-05	0.125	GTAAACAG
MA0157.2	FOXO3	LTR23_499	316	323	+	11.5	6.14e-05	0.125	GTAAACAG
MA0524.2	TFAP2C	LTR23_526	93	104	+	11.3265	6.15e-05	0.104	TGCCCCTGGCCA
MA0524.2	TFAP2C	LTR23_754	92	103	-	11.3265	6.15e-05	0.104	TGCCCCTGGCCA
MA0524.2	TFAP2C	LTR23_8	114	125	+	11.3265	6.15e-05	0.104	TGCTCCGGGGCA
MA0867.2	SOX4	LTR23_227	131	140	-	11.9231	6.17e-05	0.423	AAACAAAGCC
MA0867.2	SOX4	LTR23_487	25	34	+	11.9231	6.17e-05	0.423	AAACAAAGCC
MA0039.4	KLF4	LTR23_756	85	96	+	11.0545	6.17e-05	0.156	CCCCTCACCCAT
MA1535.1	NR2C1	LTR23_412	7	15	-	11.6154	6.2e-05	1	GGGGGTCAA
MA0039.4	KLF4	LTR23_612	124	135	+	11.0455	6.21e-05	0.156	TGCCCCAGCCTC
MA0524.2	TFAP2C	LTR23_860	98	109	+	11.3163	6.22e-05	0.104	TGCCCAGGGGTA
MA0524.2	TFAP2C	LTR23_614	102	113	+	11.3163	6.22e-05	0.104	TGCCCAGGGGTA
MA0524.2	TFAP2C	LTR23_499	107	118	+	11.3163	6.22e-05	0.104	TGCCCAGGGGTA
MA0524.2	TFAP2C	LTR23_227	109	120	+	11.3163	6.22e-05	0.104	TGCCCAGGGGTA
MA0524.2	TFAP2C	LTR23_85	115	126	+	11.3163	6.22e-05	0.104	TGCCCAGGGGTA
MA0524.2	TFAP2C	LTR23_170	125	136	+	11.3163	6.22e-05	0.104	TGCCCAGGGGTA
MA1135.1	FOSB::JUNB	LTR23_422	378	387	-	11.6613	6.27e-05	1	TATGACTAAC
MA0050.2	IRF1	LTR23_336	242	262	+	9.12903	6.33e-05	0.205	CTCTTCTTTCCCTTTACTTCC
MA0517.1	STAT1::STAT2	LTR23_112	410	424	+	9.74242	6.34e-05	0.28	TGAGCTTCAGTTTTC
MA0524.2	TFAP2C	LTR23_860	98	109	-	11.2857	6.35e-05	0.104	TACCCCTGGGCA
MA0524.2	TFAP2C	LTR23_614	102	113	-	11.2857	6.35e-05	0.104	TACCCCTGGGCA
MA0524.2	TFAP2C	LTR23_499	107	118	-	11.2857	6.35e-05	0.104	TACCCCTGGGCA
MA0524.2	TFAP2C	LTR23_227	109	120	-	11.2857	6.35e-05	0.104	TACCCCTGGGCA
MA0524.2	TFAP2C	LTR23_85	115	126	-	11.2857	6.35e-05	0.104	TACCCCTGGGCA
MA0524.2	TFAP2C	LTR23_170	125	136	-	11.2857	6.35e-05	0.104	TACCCCTGGGCA
MA0146.2	Zfx	LTR23_744	62	75	+	10.9242	6.38e-05	0.75	AGGAGCAGGGCCTG
MA0039.4	KLF4	LTR23_170	104	115	+	11.0091	6.43e-05	0.156	CCCCCCACCATC
MA0065.2	Pparg::Rxra	LTR23_404	36	50	-	10.9009	6.51e-05	0.456	CTGAGGCAAAAGTAA
MA0039.4	KLF4	LTR23_777	88	99	+	10.9818	6.56e-05	0.156	CCACCCACCCAA
MA0039.4	KLF4	LTR23_758	98	109	+	10.9818	6.56e-05	0.156	CTCCTCACCCCT
MA0146.2	Zfx	LTR23_284	88	101	-	10.8636	6.56e-05	0.75	GGGGTTTGGGCCTT
MA0809.2	TEAD4	LTR23_523	43	54	-	10.9908	6.62e-05	0.106	ACACATTTCAGG
MA0146.2	Zfx	LTR23_706	51	64	-	10.8333	6.65e-05	0.75	TCGCTCTGGGCCTG
MA0065.2	Pparg::Rxra	LTR23_239	82	96	+	10.8649	6.67e-05	0.456	ATGTGCCAGGGGGCA
MA0039.4	KLF4	LTR23_466	99	110	+	10.9636	6.67e-05	0.156	ACACCCACCCCT
MA0039.4	KLF4	LTR23_247	108	119	+	10.9636	6.67e-05	0.156	ACCCCCACCTCT
MA0867.2	SOX4	LTR23_507	205	214	+	11.75	6.68e-05	0.449	TAACAAAGAA
MA0050.2	IRF1	LTR23_805	54	74	+	8.98387	6.71e-05	0.205	TACCTCTTCTTTTTTCCCTTT
MA0050.2	IRF1	LTR23_21	219	239	+	8.98387	6.71e-05	0.205	TTCTCTTTTCCTTTTTCTTTT
MA0050.2	IRF1	LTR23_21	220	240	+	8.98387	6.71e-05	0.205	TCTCTTTTCCTTTTTCTTTTT
MA0050.2	IRF1	LTR23_370	286	306	+	8.98387	6.71e-05	0.205	TTTTTTTTTTTTTTTTTCTTT
MA0809.2	TEAD4	LTR23_241	178	189	-	10.9725	6.75e-05	0.107	ACAGATTCCAGT
MA0809.2	TEAD4	LTR23_72	253	264	-	10.9725	6.75e-05	0.107	ACAGATTCCAGT
MA0050.2	IRF1	LTR23_550	138	158	+	8.95161	6.8e-05	0.205	ATTTTTTTTCCTTTTTTTTTC
MA0524.2	TFAP2C	LTR23_321	89	100	+	11.1735	6.84e-05	0.111	CACCCAGGGGCA
MA0524.2	TFAP2C	LTR23_234	122	133	+	11.1735	6.84e-05	0.111	CACCCAGGGGCA
MA0524.2	TFAP2C	LTR23_555	323	334	-	11.1735	6.84e-05	0.111	CACCCAGGGGCA
MA0809.2	TEAD4	LTR23_385	17	28	-	10.945	6.86e-05	0.108	ACAAATTCCACA
MA0039.4	KLF4	LTR23_749	3	14	+	10.9182	6.89e-05	0.156	CTCCCCATCCCC
MA0039.4	KLF4	LTR23_692	87	98	+	10.9182	6.89e-05	0.156	CATCCCACCCCA
MA0517.1	STAT1::STAT2	LTR23_635	132	146	+	9.54545	6.9e-05	0.28	TGGGTTGCAGTTTTC
MA0517.1	STAT1::STAT2	LTR23_150	134	148	+	9.54545	6.9e-05	0.28	TTTCTTTCTTTTCTT
MA0517.1	STAT1::STAT2	LTR23_298	180	194	+	9.54545	6.9e-05	0.28	TTTCTTTCTTTTCTT
MA0065.2	Pparg::Rxra	LTR23_509	134	148	-	10.8108	6.91e-05	0.456	TTAGGCCAAGGTTGA
MA0105.4	NFKB1	LTR23_42	98	110	+	2.15385	6.91e-05	1	AAGGGCACCCCCT
MA0050.2	IRF1	LTR23_838	328	348	+	8.90323	6.93e-05	0.205	CTGTGCTTCCAGTTTGCAGTT
MA0809.2	TEAD4	LTR23_90	160	171	-	10.9266	6.95e-05	0.108	ACAAATTCCAAA
MA0809.2	TEAD4	LTR23_196	243	254	-	10.9266	6.95e-05	0.108	ACAAATTCCAAA
MA0039.4	KLF4	LTR23_388	93	104	+	10.9091	6.96e-05	0.156	TACTCCACCCCA
MA0146.2	Zfx	LTR23_721	47	60	-	10.7121	7e-05	0.75	TCTGTCTGGGCCTG
MA0146.2	Zfx	LTR23_815	49	62	-	10.7121	7e-05	0.75	TCTGTCTGGGCCTG
MA0517.1	STAT1::STAT2	LTR23_369	262	276	+	9.5	7.02e-05	0.28	TGCCTTTCTTTTCCT
MA0146.2	Zfx	LTR23_722	103	116	-	10.697	7.05e-05	0.75	TTGCCCAGGGCCTG
MA0525.2	TP63	LTR23_799	14	31	-	-2.10345	7.05e-05	1	TACAAGTAGATTCTTGTG
MA0050.2	IRF1	LTR23_473	200	220	+	8.85484	7.06e-05	0.205	CTCTTCTTTCTCTTTAAAAAT
MA0050.2	IRF1	LTR23_471	279	299	+	8.85484	7.06e-05	0.205	CTTTTCTTTTATTTCCTTTAA
MA0146.2	Zfx	LTR23_616	50	63	-	10.6818	7.09e-05	0.75	CCTGTCTGGGCCTA
MA0524.2	TFAP2C	LTR23_497	34	45	-	11.1122	7.11e-05	0.114	AACCTGGGGGCA
MA0136.2	ELF5	LTR23_775	123	133	-	11.3273	7.11e-05	1	AAAAGGAAGTT
MA0105.4	NFKB1	LTR23_693	87	99	+	2.03846	7.12e-05	1	CGGTCATTCCCCG
MA0039.4	KLF4	LTR23_636	125	136	-	10.8727	7.12e-05	0.156	CACCCCATCCCC
MA0146.2	Zfx	LTR23_138	57	70	-	10.6667	7.13e-05	0.75	TCTCGCTGGGCCTG
MA0050.2	IRF1	LTR23_250	110	130	+	8.82258	7.15e-05	0.205	TCTAAGTTTCTTTTCTCTTTA
MA0065.2	Pparg::Rxra	LTR23_771	107	121	-	10.7568	7.15e-05	0.456	CTAGAAGAAAGGGAA
MA0524.2	TFAP2C	LTR23_877	108	119	+	11.102	7.17e-05	0.114	TGCCCAGGGGGG
MA0524.2	TFAP2C	LTR23_871	108	119	+	11.102	7.17e-05	0.114	TGCCCAGGGGGG
MA0105.4	NFKB1	LTR23_290	77	89	+	2	7.17e-05	1	TGGGACTTCACCT
MA0146.2	Zfx	LTR23_877	58	71	-	10.6515	7.18e-05	0.75	GTCTTCTGGGCCTG
MA0146.2	Zfx	LTR23_871	58	71	-	10.6515	7.18e-05	0.75	GTCTTCTGGGCCTG
MA0065.2	Pparg::Rxra	LTR23_775	257	271	-	10.7477	7.2e-05	0.456	CTGAAGCAAAGTTGA
MA0050.2	IRF1	LTR23_492	142	162	+	8.80645	7.2e-05	0.205	TATTTTTTTTTCTTTCTTTCC
MA0517.1	STAT1::STAT2	LTR23_399	138	152	+	9.43939	7.21e-05	0.28	ATTCTTTCTTTTCCT
MA0039.4	KLF4	LTR23_784	112	123	+	10.8455	7.24e-05	0.156	TCTCCCACCCTG
MA0050.2	IRF1	LTR23_469	259	279	+	8.79032	7.25e-05	0.205	AACTGCTTCTTTTTTCCTTTC
MA0524.2	TFAP2C	LTR23_349	116	127	+	11.0816	7.27e-05	0.115	TGCCTACGGGGA
MA0524.2	TFAP2C	LTR23_253	126	137	-	11.0816	7.27e-05	0.115	TGCCGCTGGGCA
MA0867.2	SOX4	LTR23_151	57	66	-	11.6538	7.29e-05	0.479	CAACAAAGAA
MA0050.2	IRF1	LTR23_403	133	153	+	8.75806	7.34e-05	0.205	GTTTTGTTTCTGTTTAGTTGC
MA0517.1	STAT1::STAT2	LTR23_196	141	155	+	9.39394	7.34e-05	0.28	TTTGTTTTCTTTCCT
MA0039.4	KLF4	LTR23_706	144	155	+	10.8273	7.36e-05	0.156	TGTCCCACCCAT
MA0524.2	TFAP2C	LTR23_521	96	107	+	11.0612	7.37e-05	0.115	ACGCCCGGGGCA
MA0524.2	TFAP2C	LTR23_23	110	121	+	11.0612	7.37e-05	0.115	TTCCCTGGGGCA
MA0050.2	IRF1	LTR23_187	264	284	+	8.74194	7.38e-05	0.205	TGCCTCTTTTTTTTTCCTTAA
MA0517.1	STAT1::STAT2	LTR23_839	134	148	+	9.37879	7.39e-05	0.28	TCTCTTTCATTATCT
MA0517.1	STAT1::STAT2	LTR23_688	129	143	+	9.36364	7.44e-05	0.28	AAAGTTTCATTTTGG
MA0039.4	KLF4	LTR23_794	71	82	-	10.8091	7.44e-05	0.156	ACCCCCACCACC
MA0050.2	IRF1	LTR23_392	261	281	+	8.70968	7.48e-05	0.205	AGGAGCTTCCTCTTCCTCTTC
MA0517.1	STAT1::STAT2	LTR23_780	228	242	-	9.33333	7.53e-05	0.28	GCGGTTTTTTTTTTT
MA0517.1	STAT1::STAT2	LTR23_194	432	446	+	9.31818	7.58e-05	0.28	TTAGTTTCTTTCTTC
MA0039.4	KLF4	LTR23_152	108	119	+	10.7818	7.58e-05	0.156	ACCCCCAGCCTC
MA0809.2	TEAD4	LTR23_591	20	31	+	10.7706	7.61e-05	0.118	CTACATTCCCTG
MA0524.2	TFAP2C	LTR23_349	116	127	-	11	7.64e-05	0.119	TCCCCGTAGGCA
MA0039.4	KLF4	LTR23_241	106	117	-	10.7727	7.64e-05	0.156	ACCACCACCCCT
MA0039.4	KLF4	LTR23_684	146	157	+	10.7727	7.64e-05	0.156	TGACCCACCCAT
MA0039.4	KLF4	LTR23_590	110	121	+	10.7636	7.7e-05	0.156	CCCCCTACCCAC
MA0524.2	TFAP2C	LTR23_217	107	118	-	10.9796	7.74e-05	0.12	TGCCCCCGGACA
MA0065.2	Pparg::Rxra	LTR23_164	96	110	-	10.6306	7.76e-05	0.456	GCGGGGGCAGGGGCA
MA0083.3	SRF	LTR23_847	32	47	+	4.72131	7.77e-05	1	GGCCCAAATAAGCTCT
MA0083.3	SRF	LTR23_120	79	94	+	4.72131	7.77e-05	1	GGCCCAAATAAGCTCT
MA0083.3	SRF	LTR23_687	80	95	+	4.72131	7.77e-05	1	GGCCCAAATAAGCTCT
MA0083.3	SRF	LTR23_192	367	382	+	4.72131	7.77e-05	1	GGCCCAAATAAGCTCT
MA0867.2	SOX4	LTR23_38	27	36	+	11.5962	7.8e-05	0.482	TGACAAAGGC
MA0517.1	STAT1::STAT2	LTR23_782	108	122	+	9.24242	7.83e-05	0.28	TTGCTTTTCCTTTTC
MA0146.2	Zfx	LTR23_794	17	30	-	10.4394	7.83e-05	0.75	TCCCTCTGGGCCTG
MA0146.2	Zfx	LTR23_596	55	68	-	10.4394	7.83e-05	0.75	TCCCTCTGGGCCTG
MA0146.2	Zfx	LTR23_656	57	70	-	10.4394	7.83e-05	0.75	TCCCTCTGGGCCTG
MA0136.2	ELF5	LTR23_489	30	40	-	11.1818	7.84e-05	1	ACCAGGAAACA
MA1135.1	FOSB::JUNB	LTR23_844	259	268	-	11.2903	7.84e-05	1	GGTGACTCAA
MA0524.2	TFAP2C	LTR23_247	133	144	-	10.9592	7.86e-05	0.121	TGCCCCCAGGGC
MA0039.4	KLF4	LTR23_622	84	95	+	10.7364	7.86e-05	0.156	GCCCCCAACCCC
MA0039.4	KLF4	LTR23_152	86	97	+	10.7364	7.86e-05	0.156	GCCCCCAACCCC
MA0050.2	IRF1	LTR23_157	133	153	-	8.58065	7.87e-05	0.205	GGTCTTTTTCCTTTTTTTTTT
MA0050.2	IRF1	LTR23_16	118	138	+	8.58065	7.87e-05	0.205	AGTCTTTTTTTTTTTCCTTTT
MA0050.2	IRF1	LTR23_361	135	155	+	8.58065	7.87e-05	0.205	TTTTTCTTTCCTTTCCTGTAG
MA0065.2	Pparg::Rxra	LTR23_721	83	97	-	10.6036	7.89e-05	0.456	GAGGGAAAGGGGGCA
MA0105.4	NFKB1	LTR23_290	77	89	-	1.63462	7.92e-05	1	AGGTGAAGTCCCA
MA0524.2	TFAP2C	LTR23_97	14	25	-	10.949	7.92e-05	0.122	TGCCCTAGGACA
MA0037.3	GATA3	LTR23_33	159	166	-	11.0656	7.93e-05	0.796	AGATAACG
MA0037.3	GATA3	LTR23_127	160	167	-	11.0656	7.93e-05	0.796	AGATAACG
MA0037.3	GATA3	LTR23_76	161	168	-	11.0656	7.93e-05	0.796	AGATAACG
MA0037.3	GATA3	LTR23_300	164	171	-	11.0656	7.93e-05	0.796	AGATAACG
MA0037.3	GATA3	LTR23_79	165	172	-	11.0656	7.93e-05	0.796	AGATAACG
MA0037.3	GATA3	LTR23_472	174	181	-	11.0656	7.93e-05	0.796	AGATAACG
MA0037.3	GATA3	LTR23_26	232	239	-	11.0656	7.93e-05	0.796	AGATAACG
MA0157.2	FOXO3	LTR23_519	95	102	-	9.92424	7.93e-05	0.156	GTAAACAC
MA0157.2	FOXO3	LTR23_725	35	42	+	9.92424	7.93e-05	0.156	GTAAACAC
MA0157.2	FOXO3	LTR23_545	82	89	+	9.92424	7.93e-05	0.156	GTAAACAC
MA0157.2	FOXO3	LTR23_35	140	147	+	9.92424	7.93e-05	0.156	GTAAACAC
MA0157.2	FOXO3	LTR23_539	229	236	+	9.92424	7.93e-05	0.156	GTAAACAC
MA0517.1	STAT1::STAT2	LTR23_74	52	66	+	9.21212	7.93e-05	0.28	TTAGTTTCCTTCTTC
MA0867.2	SOX4	LTR23_134	28	37	-	11.5769	7.94e-05	0.482	GAACAAAAGA
MA0517.1	STAT1::STAT2	LTR23_800	40	54	+	9.19697	7.98e-05	0.28	TGCCTTTCTGTTCCT
MA0517.1	STAT1::STAT2	LTR23_471	281	295	+	9.19697	7.98e-05	0.28	TTTCTTTTATTTCCT
MA0050.2	IRF1	LTR23_388	188	208	+	8.53226	8.02e-05	0.205	TTTTTATTTTTCTTTTTCTCT
MA0050.2	IRF1	LTR23_337	257	277	+	8.53226	8.02e-05	0.205	TCTTTCTTTCCCTTTAAAATC
MA0050.2	IRF1	LTR23_41	284	304	+	8.53226	8.02e-05	0.205	CTGCTTTTTCTTTTTTCCTTA
MA1135.1	FOSB::JUNB	LTR23_371	3	12	+	11.1935	8.02e-05	1	AGTGACTCAG
MA1135.1	FOSB::JUNB	LTR23_713	12	21	+	11.1935	8.02e-05	1	AGTGACTCAG
MA1135.1	FOSB::JUNB	LTR23_28	12	21	+	11.1935	8.02e-05	1	AGTGACTCAG
MA0146.2	Zfx	LTR23_244	45	58	-	10.3788	8.03e-05	0.75	GCTGTTTGGGCCTG
MA0065.2	Pparg::Rxra	LTR23_32	107	121	+	10.5766	8.03e-05	0.456	TTGGGGCAAATGTTA
MA0809.2	TEAD4	LTR23_548	79	90	-	10.6789	8.04e-05	0.124	CGAAATTCCACA
MA0517.1	STAT1::STAT2	LTR23_586	2	16	-	9.16667	8.09e-05	0.28	ATATTTTCATTTTCT
MA0039.4	KLF4	LTR23_215	13	24	+	10.6909	8.14e-05	0.156	AGCCTCACCCAT
MA0039.4	KLF4	LTR23_193	95	106	+	10.6909	8.14e-05	0.156	CTCCCTACCCCC
MA0039.4	KLF4	LTR23_388	106	117	+	10.6909	8.14e-05	0.156	CTCCCTACCCCC
MA0039.4	KLF4	LTR23_501	128	139	+	10.6909	8.14e-05	0.156	AGCCTCACCCAT
MA0517.1	STAT1::STAT2	LTR23_672	88	102	+	9.13636	8.19e-05	0.28	TTAGCTTCAGTTTTT
MA0065.2	Pparg::Rxra	LTR23_843	106	120	-	10.5405	8.22e-05	0.456	CTGGGGCAAAATGAA
MA0050.2	IRF1	LTR23_709	74	94	+	8.46774	8.22e-05	0.205	CGTCTGTTTTATTTTCTGGAG
MA0105.4	NFKB1	LTR23_701	94	106	+	1.48077	8.24e-05	1	TGGGGGACACCCA
MA0065.2	Pparg::Rxra	LTR23_838	260	274	-	10.5315	8.27e-05	0.456	TTAAGGGAAAAGGCA
MA0050.2	IRF1	LTR23_23	265	285	+	8.45161	8.27e-05	0.205	TTTTTTTTTTTTTTTTTTTTT
MA0050.2	IRF1	LTR23_23	266	286	+	8.45161	8.27e-05	0.205	TTTTTTTTTTTTTTTTTTTTT
MA0039.4	KLF4	LTR23_241	112	123	-	10.6727	8.3e-05	0.156	TCCCCCACCACC
MA0039.4	KLF4	LTR23_298	108	119	+	10.6727	8.3e-05	0.156	TCCCCCACCACC
MA0809.2	TEAD4	LTR23_175	89	100	+	10.6239	8.31e-05	0.128	CAACATTCCCCC
MA0039.4	KLF4	LTR23_426	66	77	-	10.6636	8.35e-05	0.156	AGCCCCACTCTC
MA0039.4	KLF4	LTR23_441	78	89	-	10.6636	8.35e-05	0.156	AGCCCCACTCTC
MA0065.2	Pparg::Rxra	LTR23_48	111	125	+	10.5135	8.36e-05	0.456	CCATGTCAAGGGGGA
MA0039.4	KLF4	LTR23_547	93	104	+	10.6545	8.4e-05	0.156	AACCTCACCCAC
MA0136.2	ELF5	LTR23_506	160	170	-	11.0727	8.4e-05	1	AACAGGAAGAA
MA0524.2	TFAP2C	LTR23_122	100	111	+	10.8571	8.41e-05	0.128	TGCCTGGAGGTA
MA0524.2	TFAP2C	LTR23_858	116	127	+	10.8571	8.41e-05	0.128	TGCTCTGGGGCA
MA0050.2	IRF1	LTR23_814	105	125	+	8.40323	8.43e-05	0.205	TGCCCCTTCTTCTTTCCTTTA
MA0050.2	IRF1	LTR23_296	178	198	+	8.40323	8.43e-05	0.205	CCTGACTTGCTGTTTCACTCG
MA0517.1	STAT1::STAT2	LTR23_146	2	16	+	9.06061	8.45e-05	0.28	TTTGTTTTGGTTTTT
MA0039.4	KLF4	LTR23_442	13	24	+	10.6455	8.46e-05	0.156	GTCCTCACCCTG
MA0524.2	TFAP2C	LTR23_757	123	134	-	10.8469	8.47e-05	0.128	TGCCTTCAGGTA
MA0136.2	ELF5	LTR23_276	56	66	+	11.0545	8.51e-05	1	ACCCGGAAAGA
MA0039.4	KLF4	LTR23_669	92	103	+	10.6364	8.54e-05	0.156	ACCGCCACCCTC
MA0050.2	IRF1	LTR23_103	219	239	+	8.35484	8.59e-05	0.205	TTGCCTTTTCTTTTTTCCTTA
MA0050.2	IRF1	LTR23_65	315	335	+	8.35484	8.59e-05	0.205	TAGAACTTCCCTTTTCCCTTA
MA0050.2	IRF1	LTR23_822	315	335	+	8.35484	8.59e-05	0.205	TAGAACTTCCCTTTTCCCTTA
MA0050.2	IRF1	LTR23_763	315	335	+	8.35484	8.59e-05	0.205	TAGAACTTCCCTTTTCCCTTA
MA0050.2	IRF1	LTR23_839	132	152	+	8.33871	8.64e-05	0.205	TGTCTCTTTCATTATCTTCAT
MA0050.2	IRF1	LTR23_675	278	298	+	8.33871	8.64e-05	0.205	TGCTGCTTCTTTTTTCCTTTA
MA0050.2	IRF1	LTR23_784	311	331	+	8.33871	8.64e-05	0.205	TGCCTCTTTCTTTCTCCTTTA
MA0065.2	Pparg::Rxra	LTR23_678	98	112	-	10.4595	8.65e-05	0.456	TGGGGGCAGAGGGTG
MA0065.2	Pparg::Rxra	LTR23_66	211	225	-	10.4505	8.7e-05	0.456	GGTTGGTAAAGGTCA
MA0065.2	Pparg::Rxra	LTR23_822	212	226	-	10.4505	8.7e-05	0.456	GGTTGGTAAAGGTCA
MA0065.2	Pparg::Rxra	LTR23_763	212	226	-	10.4505	8.7e-05	0.456	GGTTGGTAAAGGTCA
MA0065.2	Pparg::Rxra	LTR23_65	212	226	-	10.4505	8.7e-05	0.456	GGTTGGTAAAGGTCA
MA1135.1	FOSB::JUNB	LTR23_753	45	54	+	10.9839	8.73e-05	1	TGTGAGTAAT
MA0039.4	KLF4	LTR23_521	86	97	+	10.6091	8.76e-05	0.156	CTCCCCACTCAC
MA0809.2	TEAD4	LTR23_138	175	186	-	10.5413	8.79e-05	0.132	ACAGATTCCACG
MA0867.2	SOX4	LTR23_400	194	203	+	11.4423	8.8e-05	0.482	TAACAAAGCC
MA0065.2	Pparg::Rxra	LTR23_617	32	46	+	10.4324	8.8e-05	0.456	GTGGTACAAAGATCA
MA0517.1	STAT1::STAT2	LTR23_457	160	174	+	8.95455	8.83e-05	0.28	TCTGTTTTTTTTTTT
MA0517.1	STAT1::STAT2	LTR23_439	389	403	+	8.95455	8.83e-05	0.28	CAGCTTTTTTTTTCT
MA0517.1	STAT1::STAT2	LTR23_424	389	403	+	8.95455	8.83e-05	0.28	CAGCTTTTTTTTTCT
MA0136.2	ELF5	LTR23_503	136	146	-	11.0182	8.84e-05	1	AACAGGAAGAG
MA0065.2	Pparg::Rxra	LTR23_363	98	112	-	10.4234	8.85e-05	0.456	GGGGGTGAGAGGTGG
MA0050.2	IRF1	LTR23_166	370	390	+	8.27419	8.86e-05	0.205	TATTAGTTTTGCTTCAACTTC
MA1535.1	NR2C1	LTR23_621	69	77	-	11.4808	8.86e-05	1	TGGGGTCAA
MA1535.1	NR2C1	LTR23_449	205	213	-	11.4808	8.86e-05	1	AAGGGTCAC
MA1535.1	NR2C1	LTR23_600	95	103	+	11.4808	8.86e-05	1	TGGGGTCAA
MA1535.1	NR2C1	LTR23_869	115	123	+	11.4808	8.86e-05	1	TGGGGTCAA
MA1535.1	NR2C1	LTR23_57	115	123	+	11.4808	8.86e-05	1	TGGGGTCAA
MA1535.1	NR2C1	LTR23_49	369	377	+	11.4808	8.86e-05	1	TGGGGTCAA
MA0809.2	TEAD4	LTR23_753	145	156	-	10.5229	8.88e-05	0.132	ACGAATTCCAGG
MA0809.2	TEAD4	LTR23_873	169	180	-	10.5229	8.88e-05	0.132	ACGAATTCCAGG
MA0809.2	TEAD4	LTR23_857	169	180	-	10.5229	8.88e-05	0.132	ACGAATTCCAGG
MA0809.2	TEAD4	LTR23_469	180	191	-	10.5229	8.88e-05	0.132	ACAGATTCCAAG
MA0809.2	TEAD4	LTR23_8	181	192	-	10.5229	8.88e-05	0.132	ACAGATTCCAAG
MA0517.1	STAT1::STAT2	LTR23_277	56	70	+	8.93939	8.89e-05	0.28	TCAGTTTCTTTCTTT
MA0517.1	STAT1::STAT2	LTR23_391	60	74	+	8.93939	8.89e-05	0.28	TCAGTTTCTTTCTTT
MA0517.1	STAT1::STAT2	LTR23_402	122	136	+	8.93939	8.89e-05	0.28	TCAGTTTCTTTCTTT
MA0517.1	STAT1::STAT2	LTR23_429	124	138	+	8.93939	8.89e-05	0.28	TCAGTTTCTTTCTTT
MA0517.1	STAT1::STAT2	LTR23_162	138	152	+	8.93939	8.89e-05	0.28	TCAGTTTCTTTCTTT
MA0517.1	STAT1::STAT2	LTR23_81	279	293	+	8.93939	8.89e-05	0.28	TCAGTTTCTTTCTTT
MA0517.1	STAT1::STAT2	LTR23_471	424	438	+	8.93939	8.89e-05	0.28	TCAGTTTCTTTCTTT
MA0517.1	STAT1::STAT2	LTR23_701	453	467	+	8.93939	8.89e-05	0.28	TCAGTTTCTTTCTTT
MA0517.1	STAT1::STAT2	LTR23_210	1	15	-	8.93939	8.89e-05	0.28	TGTCTTTCTTTTCTT
MA0083.3	SRF	LTR23_700	28	43	+	4.2623	8.91e-05	1	GGTCCAAATAAAGTCT
MA0517.1	STAT1::STAT2	LTR23_322	64	78	-	8.92424	8.95e-05	0.28	ATTCTTTTATTTTCC
MA0039.4	KLF4	LTR23_856	94	105	+	10.5727	8.99e-05	0.156	TTCCCCACACCC
MA0065.2	Pparg::Rxra	LTR23_97	83	97	-	10.3964	9e-05	0.456	ATAAAGGAGAGGGCA
MA0867.2	SOX4	LTR23_575	11	20	-	11.4231	9.02e-05	0.482	AGACAATGGG
MA0867.2	SOX4	LTR23_812	25	34	-	11.4231	9.02e-05	0.482	AGACAATGGG
MA0867.2	SOX4	LTR23_142	45	54	-	11.4231	9.02e-05	0.482	AGACAATGGG
MA0867.2	SOX4	LTR23_732	54	63	-	11.4231	9.02e-05	0.482	AGACAATGGG
MA0867.2	SOX4	LTR23_211	58	67	-	11.4231	9.02e-05	0.482	AGACAATGGG
MA0867.2	SOX4	LTR23_113	158	167	-	11.4231	9.02e-05	0.482	AGACAATGGG
MA0867.2	SOX4	LTR23_409	164	173	-	11.4231	9.02e-05	0.482	AGACAATGGG
MA0867.2	SOX4	LTR23_222	164	173	-	11.4231	9.02e-05	0.482	AGACAATGGG
MA0524.2	TFAP2C	LTR23_214	1	12	-	10.7449	9.04e-05	0.135	TGCCCCTGGGTA
MA0524.2	TFAP2C	LTR23_863	83	94	+	10.7449	9.04e-05	0.135	TGCCCCCCGCCA
MA0524.2	TFAP2C	LTR23_549	113	124	-	10.7449	9.04e-05	0.135	TGCCCCTGGGTA
MA0050.2	IRF1	LTR23_256	150	170	+	8.20968	9.08e-05	0.205	TTTTTTTTTTTTTTTCCTTAT
MA0050.2	IRF1	LTR23_23	264	284	+	8.20968	9.08e-05	0.205	CTTTTTTTTTTTTTTTTTTTT
MA0039.4	KLF4	LTR23_197	1	12	+	10.5545	9.11e-05	0.156	TGCCTCACCCAT
MA0039.4	KLF4	LTR23_601	2	13	+	10.5545	9.11e-05	0.156	TGCCTCACCCAT
MA0039.4	KLF4	LTR23_575	4	15	+	10.5545	9.11e-05	0.156	TGCCTCACCCAT
MA0039.4	KLF4	LTR23_485	18	29	+	10.5545	9.11e-05	0.156	TGCCTCACCCAT
MA0039.4	KLF4	LTR23_662	19	30	+	10.5545	9.11e-05	0.156	TGCCTCACCCAT
MA0039.4	KLF4	LTR23_505	25	36	+	10.5545	9.11e-05	0.156	TGCCTCACCCAT
MA0039.4	KLF4	LTR23_766	28	39	+	10.5545	9.11e-05	0.156	TGCCTCACCCAT
MA0039.4	KLF4	LTR23_571	28	39	+	10.5545	9.11e-05	0.156	TGCCTCACCCAT
MA0039.4	KLF4	LTR23_480	33	44	+	10.5545	9.11e-05	0.156	TGCCTCACCCAT
MA0039.4	KLF4	LTR23_788	35	46	+	10.5545	9.11e-05	0.156	TGCCTCACCCAT
MA0039.4	KLF4	LTR23_93	40	51	+	10.5545	9.11e-05	0.156	TGCCTCACCCAT
MA0039.4	KLF4	LTR23_452	41	52	+	10.5545	9.11e-05	0.156	TGCCTCACCCAT
MA0039.4	KLF4	LTR23_35	45	56	+	10.5545	9.11e-05	0.156	TGCCTCACCCAT
MA0039.4	KLF4	LTR23_211	51	62	+	10.5545	9.11e-05	0.156	TGCCTCACCCAT
MA0039.4	KLF4	LTR23_498	55	66	+	10.5545	9.11e-05	0.156	TGCCTCACCCAT
MA0039.4	KLF4	LTR23_145	91	102	+	10.5545	9.11e-05	0.156	TGCCTCACCCAT
MA0039.4	KLF4	LTR23_538	108	119	+	10.5545	9.11e-05	0.156	TGCCTCACCCAT
MA0039.4	KLF4	LTR23_659	111	122	+	10.5545	9.11e-05	0.156	TGCCTCACCCAT
MA0039.4	KLF4	LTR23_141	134	145	+	10.5545	9.11e-05	0.156	TGCCTCACCCAT
MA0039.4	KLF4	LTR23_252	138	149	+	10.5545	9.11e-05	0.156	TGCCTCACCCAT
MA0039.4	KLF4	LTR23_359	140	151	+	10.5545	9.11e-05	0.156	TGCCTCACCCAT
MA0039.4	KLF4	LTR23_122	141	152	+	10.5545	9.11e-05	0.156	TGCCTCACCCAT
MA0039.4	KLF4	LTR23_553	143	154	+	10.5545	9.11e-05	0.156	TGCCTCACCCAT
MA0039.4	KLF4	LTR23_244	143	154	+	10.5545	9.11e-05	0.156	TGCCTCACCCAT
MA0039.4	KLF4	LTR23_4	144	155	+	10.5545	9.11e-05	0.156	TGCCTCACCCAT
MA0039.4	KLF4	LTR23_340	145	156	+	10.5545	9.11e-05	0.156	TGCCTCACCCAT
MA0039.4	KLF4	LTR23_491	147	158	+	10.5545	9.11e-05	0.156	TGCCTCACCCAT
MA0039.4	KLF4	LTR23_432	148	159	+	10.5545	9.11e-05	0.156	TGCCTCACCCAT
MA0039.4	KLF4	LTR23_683	148	159	+	10.5545	9.11e-05	0.156	TGCCTCACCCAT
MA0039.4	KLF4	LTR23_403	151	162	+	10.5545	9.11e-05	0.156	TGCCTCACCCAT
MA0039.4	KLF4	LTR23_605	151	162	+	10.5545	9.11e-05	0.156	TGCCTCACCCAT
MA0039.4	KLF4	LTR23_138	151	162	+	10.5545	9.11e-05	0.156	TGCCTCACCCAT
MA0039.4	KLF4	LTR23_707	153	164	+	10.5545	9.11e-05	0.156	TGCCTCACCCAT
MA0039.4	KLF4	LTR23_440	155	166	+	10.5545	9.11e-05	0.156	TGCCTCACCCAT
MA0039.4	KLF4	LTR23_425	155	166	+	10.5545	9.11e-05	0.156	TGCCTCACCCAT
MA0039.4	KLF4	LTR23_764	155	166	+	10.5545	9.11e-05	0.156	TGCCTCACCCAT
MA0039.4	KLF4	LTR23_333	155	166	+	10.5545	9.11e-05	0.156	TGCCTCACCCAT
MA0039.4	KLF4	LTR23_140	155	166	+	10.5545	9.11e-05	0.156	TGCCTCACCCAT
MA0039.4	KLF4	LTR23_222	157	168	+	10.5545	9.11e-05	0.156	TGCCTCACCCAT
MA0039.4	KLF4	LTR23_598	158	169	+	10.5545	9.11e-05	0.156	TGCCTCACCCAT
MA0039.4	KLF4	LTR23_532	158	169	+	10.5545	9.11e-05	0.156	TGCCTCACCCAT
MA0039.4	KLF4	LTR23_349	159	170	+	10.5545	9.11e-05	0.156	TGCCTCACCCAT
MA0039.4	KLF4	LTR23_85	159	170	+	10.5545	9.11e-05	0.156	TGCCTCACCCAT
MA0039.4	KLF4	LTR23_26	160	171	+	10.5545	9.11e-05	0.156	TGCCTCACCCAT
MA0039.4	KLF4	LTR23_471	161	172	+	10.5545	9.11e-05	0.156	TGCCTCACCCAT
MA0039.4	KLF4	LTR23_640	161	172	+	10.5545	9.11e-05	0.156	TGCCTCACCCAT
MA0039.4	KLF4	LTR23_42	162	173	+	10.5545	9.11e-05	0.156	TGCCTCACCCAT
MA0039.4	KLF4	LTR23_30	165	176	+	10.5545	9.11e-05	0.156	TGCCTCACCCAT
MA0039.4	KLF4	LTR23_370	168	179	+	10.5545	9.11e-05	0.156	TGCCTCACCCAT
MA0039.4	KLF4	LTR23_160	170	181	+	10.5545	9.11e-05	0.156	TGCCTCACCCAT
MA0039.4	KLF4	LTR23_37	171	182	+	10.5545	9.11e-05	0.156	TGCCTCACCCAT
MA0524.2	TFAP2C	LTR23_52	104	115	+	10.7347	9.13e-05	0.135	AACCCAGGGGCA
MA0524.2	TFAP2C	LTR23_85	95	106	-	10.7347	9.13e-05	0.135	ACCCCCAGGGGG
MA0809.2	TEAD4	LTR23_224	8	19	-	10.4771	9.15e-05	0.136	ACACATTTCAGA
MA0105.4	NFKB1	LTR23_701	94	106	-	1.05769	9.15e-05	1	TGGGTGTCCCCCA
MA0039.4	KLF4	LTR23_555	96	107	+	10.5455	9.15e-05	0.156	TCCCCCATCCCC
MA0146.2	Zfx	LTR23_287	58	71	-	10.0455	9.16e-05	0.831	TCTCCCTGGGCCTA
MA0809.2	TEAD4	LTR23_194	185	196	+	10.4679	9.18e-05	0.136	TAAAATTCCATC
MA0867.2	SOX4	LTR23_478	60	69	+	11.4038	9.22e-05	0.485	GCACAAAGAG
MA0050.2	IRF1	LTR23_492	281	301	+	8.16129	9.25e-05	0.205	CTGCACTCTTTTTTTTTTTTT
MA0065.2	Pparg::Rxra	LTR23_617	223	237	-	10.3514	9.26e-05	0.462	TTGGGCCAGGGTTGA
MA1135.1	FOSB::JUNB	LTR23_374	12	21	-	10.9516	9.29e-05	1	TCTGAGTCAT
MA1135.1	FOSB::JUNB	LTR23_18	26	35	+	10.9516	9.29e-05	1	TCTGAGTCAT
MA0517.1	STAT1::STAT2	LTR23_848	29	43	+	8.83333	9.29e-05	0.28	TCAGTTTCCTTCTTT
MA0517.1	STAT1::STAT2	LTR23_185	3	17	-	8.83333	9.29e-05	0.28	ACACTTTTTCTTTTC
MA0039.4	KLF4	LTR23_400	142	153	+	10.5182	9.29e-05	0.156	TACCTCACCCAC
MA0050.2	IRF1	LTR23_342	50	70	+	8.14516	9.31e-05	0.205	TTTCTTTTTTTTTTTTTTTTT
MA0524.2	TFAP2C	LTR23_555	109	120	+	10.7041	9.34e-05	0.137	TGCCCCAGGGAT
MA0050.2	IRF1	LTR23_310	70	90	+	8.12903	9.36e-05	0.205	TCAGCCTTTTTTTTTTTTTTT
MA0039.4	KLF4	LTR23_754	81	92	+	10.5091	9.38e-05	0.156	ACACCCACCCAT
MA0039.4	KLF4	LTR23_563	96	107	+	10.5091	9.38e-05	0.156	CCCCCCATCCCT
MA0809.2	TEAD4	LTR23_145	115	126	-	10.4312	9.39e-05	0.138	ACACATCCCAGG
MA1535.1	NR2C1	LTR23_520	1	9	-	11.4615	9.4e-05	1	CAGGGTCAG
MA0524.2	TFAP2C	LTR23_586	109	120	-	10.6939	9.4e-05	0.138	TGCCCCCAAGCA
MA0517.1	STAT1::STAT2	LTR23_538	213	227	+	8.80303	9.4e-05	0.28	ACAGCTTCTTTTTCT
MA0065.2	Pparg::Rxra	LTR23_867	96	110	-	10.3243	9.42e-05	0.462	GGGAGGCAGAGGTGG
MA0050.2	IRF1	LTR23_283	161	181	+	8.1129	9.42e-05	0.205	ACTTAATTTTATTTTCTGAAT
MA0050.2	IRF1	LTR23_52	255	275	+	8.1129	9.42e-05	0.205	CTGCCTTTTCTTTTTTCCTTA
MA0050.2	IRF1	LTR23_858	384	404	+	8.1129	9.42e-05	0.205	ACTTAATTTTATTTTCTGAAT
MA0809.2	TEAD4	LTR23_133	226	237	+	10.422	9.46e-05	0.138	TCAAATTCCTGG
MA0039.4	KLF4	LTR23_688	94	105	+	10.4909	9.49e-05	0.156	CACCCCACACCT
MA0524.2	TFAP2C	LTR23_708	102	113	+	10.6735	9.5e-05	0.138	TGCCTCAGGGTT
MA0083.3	SRF	LTR23_561	81	96	-	4.03279	9.54e-05	1	GGGCCAGATTTGGGGA
MA0050.2	IRF1	LTR23_555	233	253	-	8.08065	9.54e-05	0.205	CCTAAGTTTTTGTTTTTTTAA
MA0050.2	IRF1	LTR23_775	120	140	+	8.08065	9.54e-05	0.205	CCCAACTTCCTTTTTTTTATT
MA0050.2	IRF1	LTR23_388	183	203	+	8.08065	9.54e-05	0.205	GTGCCTTTTTATTTTTCTTTT
MA0050.2	IRF1	LTR23_150	280	300	+	8.08065	9.54e-05	0.205	CCTGCCTCTCATTTTTTTTCC
MA0524.2	TFAP2C	LTR23_497	34	45	+	10.6633	9.56e-05	0.139	TGCCCCCAGGTT
MA0083.3	SRF	LTR23_232	186	201	-	4.01639	9.58e-05	1	AGGCCATGTTTGGGGA
MA0146.2	Zfx	LTR23_867	57	70	-	9.92424	9.6e-05	0.833	TATTCCTGGGCCTG
MA0809.2	TEAD4	LTR23_268	34	45	-	10.3945	9.62e-05	0.14	GCACATCCCAGG
MA0525.2	TP63	LTR23_563	203	220	-	-3.65517	9.65e-05	1	CACATGGTGCAACTTGCA
MA0039.4	KLF4	LTR23_27	86	97	+	10.4636	9.66e-05	0.156	CCCCCCACACGC
MA0039.4	KLF4	LTR23_236	210	221	+	10.4636	9.66e-05	0.156	GCCCTCACCCAA
MA0039.4	KLF4	LTR23_818	210	221	+	10.4636	9.66e-05	0.156	GCCCTCACCCAA
MA0039.4	KLF4	LTR23_817	210	221	+	10.4636	9.66e-05	0.156	GCCCTCACCCAA
MA0039.4	KLF4	LTR23_235	211	222	+	10.4636	9.66e-05	0.156	GCCCTCACCCAA
MA0146.2	Zfx	LTR23_233	15	28	-	9.89394	9.71e-05	0.833	ACTGCCAGGGCCTA
MA0050.2	IRF1	LTR23_342	49	69	+	8.03226	9.72e-05	0.206	TTTTCTTTTTTTTTTTTTTTT
MA0050.2	IRF1	LTR23_470	264	284	+	8.03226	9.72e-05	0.206	CTTCTCTTCTTTTTTCCTTTA
MA0039.4	KLF4	LTR23_794	90	101	-	10.4545	9.74e-05	0.156	ACCCCTACCCCC
MA0039.4	KLF4	LTR23_678	93	104	+	10.4545	9.74e-05	0.156	ATGCCCACCCTC
MA0065.2	Pparg::Rxra	LTR23_520	3	17	-	10.2703	9.75e-05	0.471	CCGGGGCACAGGGTC
MA0517.1	STAT1::STAT2	LTR23_234	278	292	+	8.71212	9.76e-05	0.28	CCAGTTCTTTTTTCC
MA0039.4	KLF4	LTR23_106	171	182	+	10.4455	9.79e-05	0.156	TGCCTCACCCTT
MA0809.2	TEAD4	LTR23_160	94	105	+	10.367	9.84e-05	0.142	ACCCATTCCATG
MA0517.1	STAT1::STAT2	LTR23_829	1	15	-	8.68182	9.87e-05	0.28	TACCTTTCCTTTCTC
MA0517.1	STAT1::STAT2	LTR23_827	1	15	-	8.68182	9.87e-05	0.28	TACCTTTCCTTTCTC
MA0517.1	STAT1::STAT2	LTR23_825	1	15	-	8.68182	9.87e-05	0.28	TACCTTTCCTTTCTC
MA0517.1	STAT1::STAT2	LTR23_823	1	15	-	8.68182	9.87e-05	0.28	TACCTTTCCTTTCTC
MA0517.1	STAT1::STAT2	LTR23_769	1	15	-	8.68182	9.87e-05	0.28	TACCTTTCCTTTCTC
MA0517.1	STAT1::STAT2	LTR23_628	1	15	-	8.68182	9.87e-05	0.28	TACCTTTCCTTTCTC
MA0524.2	TFAP2C	LTR23_27	49	60	-	10.602	9.93e-05	0.143	TCCCCCTGGGCT
MA0050.2	IRF1	LTR23_150	126	146	+	7.96774	9.96e-05	0.21	ACATTATTTTTCTTTCTTTTC
MA0039.4	KLF4	LTR23_419	98	109	-	10.4182	9.96e-05	0.158	GCCCCCAGCCAT
MA0039.4	KLF4	LTR23_341	89	100	+	10.4182	9.96e-05	0.158	CACGCCACCCTG

# FIMO (Find Individual Motif Occurrences): Version 5.1.0 compiled on Dec 10 2019 at 06:38:28
# The format of this file is described at http://meme-suite.org/doc/fimo-output-format.html.
# fimo --motif MA1135.1 --motif MA0829.2 --motif MA0157.2 --motif MA0136.2 --motif MA0050.2 --motif MA0517.1 --motif MA0146.2 --motif MA0867.2 --motif MA1535.1 --motif MA0809.2 --motif MA0039.4 --motif MA0105.4 --motif MA0524.2 --motif MA0065.2 --motif MA0083.3 --motif MA0525.2 --motif MA0037.3 /Users/miguelbranco/Documents/motif_databases/JASPAR/JASPAR2020_CORE_vertebrates_non-redundant_pfms_meme.txt LTR23-inactive.fa
